mutation_num,prompt,mutated_text,watermark_score,quality,perplexity,grammar
0,"for story can you add in the denim overalls and hood, correctional officers look at all 16 Buckle.","I would be glad to insert this detail into our story.

Here is the revised version: I accompanied my client, Jack, on his visit to the high-security prison. We passed through several metal detectors and security checkpoints. The stern-faced guard examined us closely, scrutinizing our clothing with an air of suspicion.

Jack, still adjusting to his new status as a felon, was dressed in the standard-issue denim overalls provided by the prison—light blue and worn at the knees from all the labor he performed in the yard. His hair had been neatly trimmed, as required by prison regulations, but he kept trying to pull up the straps of his overalls, which kept slipping down and revealing his bright orange undershirt.

Our group leader handed the guards at the entrance a stack of preprinted visitor passes. When it was my turn, one of the guards reached for my papers. She leafed through the pages of my temporary badge, pausing at the paragraph on clothing standards.

My blue denim jacket with its copper-buckled leather belt and its sixteen rivets were judged perfectly harmless for this visit.

The female guard, Officer Martinez, pursed her lips as she studied my jacket. “All right,” she said. The other guard, Officer Smith, double-checked everything and also nodded her approval.",2.762359612836575,0.66357421875,33.40745162963867,0
1,"for story can you add in the denim overalls and hood, correctional officers look at all 16 Buckle.","I am happy to insert this detail in our narrative.

Here is the revised version: I accompanied my client, Jack, on his visit to the high-security prison. We went through several metal detectors and security checkpoints. The stern-faced guard scrutinized us closely, his eyes probing our clothing with a suspicious air.

Jack, still adjusting to his new status as a convict, was wearing the blue denim overalls issued by the prison—worn out at the knees from all the work he did in the yard. He had his hair cut short, as required by prison regulations, but he was forever trying to pull up the straps of his overalls, which kept slipping down and revealing his bright orange undershirt.

Our group leader handed the guards a stack of preprinted visitor passes. When it was my turn, one of the guards reached for my papers. She leafed through my temporary pass, pausing at the section on dress code regulations.

My blue denim jacket with its leather, copper-buckled belt and sixteen rivets was deemed harmless enough for this visit.

The guard, Officer Martinez, pursed her lips as she studied my jacket. “All right,” she said. The other guard, Officer Smith, checked my pass and nodded her approval.",2.848157299026864,0.453857421875,33.32416534423828,0
2,"for story can you add in the denim overalls and hood, correctional officers look at all 16 Buckle.","I am glad to include this detail in our story.

Here is the revised version. I accompanied my client, Jack, to the high-security prison. We went through several metal-detector checkpoints. The guards inspected us closely, staring at our clothes with suspicious eyes.

Jack, who was still getting used to his new status as a prisoner, was wearing the blue denim overalls issued by the prison. They were worn at the knees from all the work he had done in the yard. He had his hair cut short, as required by prison regulations, and he was forever trying to pull up the straps of his overalls, which kept slipping down and revealing his bright orange undershirt.

Our group leader handed the guards a stack of visitor passes. When it was my turn, one of the guards reached for my papers. She leafed through my temporary pass and stopped at the section on prison regulations.

My blue denim jacket, with its leather, brass-buckled belt and sixteen rivets, was considered harmless enough for this visit.

The guard, Officer Martinez, pursed her lips and studied my jacket. “All right,” she said. The other guard, Officer Smith, examined my pass and nodded her approval.",0.668042657122685,0.5517578125,29.045286178588867,0
3,"for story can you add in the denim overalls and hood, correctional officers look at all 16 Buckle.","I am glad to include this detail in our story.

Here is the revised version. I accompanied my client, Jack, to the high-security prison. We went through several metal-detector checkpoints. The guards inspected us closely, staring at our clothes with suspicious eyes.

Jack, who was still adjusting to his new status as a prisoner, was wearing the blue denim overalls issued by the prison. They were worn at the knees from all the work he had done on the grounds. He had his hair cut short, as is required by the regulations, and he was forever pulling up the straps of his overalls, which kept slipping down and revealing his bright orange undershirt.

Our group leader handed the guards a stack of visitor’s passes. When it was my turn, one of the guards asked for my papers. She leafed through my temporary pass and stopped at the section on prison regulations.

My blue denim jacket, with its leather strap and sixteen brass rivets, was deemed harmless enough for this visit.

The guard, Officer Martinez, pursed her lips and studied my jacket. “All right,” she said. The other guard, Officer Smith, looked over my pass and nodded her approval.",0.3742405942825598,0.56982421875,31.3526611328125,0
3,"for story can you add in the denim overalls and hood, correctional officers look at all 16 Buckle.","I am glad to include this detail in our story.

Here is the revised version. I accompanied my client, Jack, to the maximum-security prison. We went through several metal-detector checkpoints. The guards examined us closely, staring at our clothes with suspicious eyes.

Jack, who was still not used to his new status as a prisoner, was wearing the blue denim overalls that the prison had issued him. They were worn at the knees from all the work he had done in the yard. He had cut his hair short, as the regulations required, and kept trying to pull up the straps of his overalls, which kept slipping down and revealing his orange undershirt.

Our group leader handed the guards a stack of visitor passes. When it was my turn, a guard reached for my papers. She leafed through my temporary pass and stopped at the section on prison regulations.

My blue denim jacket, with its leather strap and buckle and sixteen rivets, was deemed harmless for this visit.

Officer Martnez pursed her lips and studied my jacket. “All right,” she said. Officer Smith examined my pass and nodded her approval.",0.8047217485013147,0.273681640625,32.74352264404297,1
4,"for story can you add in the denim overalls and hood, correctional officers look at all 16 Buckle.","I am glad to be able to include this detail in our story.

Here is the revised version: I accompanied my client, Jack, to the maximum security prison. We passed through several metal-detector checkpoints. The guards examined us closely, staring suspiciously at our clothes.

Jack, who was still not used to his new status as a prisoner, was wearing the denim overalls that the prison had issued him. They were worn at the knees from all the work he had done in the yard. He had cut his hair short, as per regulations. He kept trying to pull up the straps of his overalls, which kept slipping down and exposing his orange undershirt.

Our group leader handed the guards a stack of visitor passes. When it was my turn, one of the guards reached for my papers. She flipped through my temporary pass and stopped at the section on prison regulations.

My blue denim jacket, with its leather strap and buckle and sixteen rivets, was deemed harmless for this visit.

Officer Martnez pursed her lips and studied my jacket. “All right,” she said. Officer Smith inspected my pass and nodded.",1.4593812080208803,0.3212890625,31.814579010009766,1
5,"for story can you add in the denim overalls and hood, correctional officers look at all 16 Buckle.","I am glad to be able to include this detail in our story.

Here is the revised version: I accompanied my client, Jack, to the maximum security prison. We passed through several metal-detector checkpoints. The guards examined us carefully, their eyes suspiciously on our clothes.

Jack, who was still not used to his new status as a prisoner, was wearing the denim overalls that the prison had issued him. They were worn at the knees from all the work he had been doing in the yard. He had cut his hair short, as required. He kept trying to pull up the straps of his overalls, which kept slipping down and showing his orange undershirt.

Our group leader handed the guards a pile of visitor passes. When it was my turn, one of the guards reached for my papers. She leafed through my temporary pass and stopped at the section on prison rules.

My blue denim jacket with its leather strap and buckle and sixteen rivets was found to be harmless.

Officer Martnez pursed her lips and studied my jacket. “All right,” she said. Officer Smith examined my pass and nodded.",1.962990915244728,0.234375,32.93407440185547,1
6,"for story can you add in the denim overalls and hood, correctional officers look at all 16 Buckle.","I am glad to be able to tell this detail of our story.

Here is the revised version. I accompanied my client, Jack, to the maximum-security prison. We went through several metal-detector checkpoints. The guards scrutinized us closely, their eyes suspiciously on our clothing.

Jack, who had not yet grown accustomed to his new status as a prisoner, was wearing the denim overalls issued by the prison. They were worn at the knees from all the work he had done in the yard. He had cut his hair as required. He kept trying to pull the straps of his overalls, which kept slipping down and revealing his orange undershirt.

Our leader gave the guards a stack of visitor passes. When it was my turn, one of the guards reached for my papers. She leafed through my temporary pass and stopped at the section on prison rules.

My blue denim jacket with its leather strap and buckle and sixteen rivets was found to be harmless.

Officer Martnez pursed her lips and studied my jacket. “All right,” she said. Officer Smith examined my pass and nodded.",2.491196621316873,-0.044677734375,32.807655334472656,1
7,"for story can you add in the denim overalls and hood, correctional officers look at all 16 Buckle.","I am glad to be able to tell this detail of our story.

Here is the revised version. I accompanied my client, Jack, to the maximum security prison. We passed through several metal-detector checkpoints. The guards looked us over carefully, their eyes suspiciously on our clothes.

Jack, who had not yet gotten used to his new status as a prisoner, was wearing the denim overalls issued by the prison. They were worn at the knees from all the work he had done in the yard. He had cut his hair to the regulation length. He kept trying to pull up the straps of his overalls, which kept slipping down and showing his orange undershirt.

Our guide gave the guards a stack of visitor’s permits. When it was my turn, one of the guards reached for my papers. She leafed through my temporary permit and stopped at the section on prison rules.

My blue denim jacket with its leather strap and buckle and sixteen rivets proved harmless.

Officer Martnez pursed her lips and studied my jacket. “All right,” she said. Officer Smith examined my permit and nodded.",0.582551728035463,0.14501953125,36.52524185180664,1
8,"for story can you add in the denim overalls and hood, correctional officers look at all 16 Buckle.","I am glad to be able to tell this detail of our story.

Here is the revised version. I accompanied my client, Jack, to the maximum-security prison. We went through several metal-detector checkpoints. The guards examined us carefully, their eyes suspiciously examining our clothing.

Jack, who had not yet gotten used to his new status as a prisoner, was wearing the denim overalls issued by the prison. They were worn at the knees from all the work he had done in the yard. He had cut his hair to the regulation length. He was constantly trying to pull up the straps of his overalls, which kept slipping down and showing his orange undershirt.

Our guide handed the guards a pile of visitor passes. When it was my turn, one of them reached for my papers. She leafed through my temporary pass and stopped at the rules of the prison.

My blue denim jacket with its leather strap and buckle, and sixteen rivets, was harmless.

Officer Martnez pursed her lips as she examined my jacket. “All right,” she said. Officer Smith examined my pass and nodded.",1.4724700907550443,0.0732421875,32.565731048583984,1
9,"for story can you add in the denim overalls and hood, correctional officers look at all 16 Buckle.","I am glad to be able to tell this part of our story.

Here is the revised version. I accompanied my client, Jack, to the maximum security prison. We went through several metal-detector checkpoints. The guards examined us closely, their eyes suspiciously examining our clothes.

Jack, who had not yet gotten used to his new status as a prisoner, was wearing the denim overalls issued by the prison. They were worn at the knees from all the work he had been doing in the yard. He had also cut his hair to the regulation length. He kept trying to pull up the straps of his overalls, which kept slipping down and revealing his orange undershirt.

Our guide handed a pile of visitor’s passes to the guards. When it was my turn, one of them reached for my papers. She leafed through my temporary pass and stopped at the prison regulations.

My denim jacket with its leather strap and buckle and sixteen rivets was perfectly harmless.

Officer Martnez pursed her lips as she examined my jacket. “All right,” she said. Officer Smith examined my pass and nodded.",1.669981620368327,0.0850830078125,34.93782424926758,1
10,"for story can you add in the denim overalls and hood, correctional officers look at all 16 Buckle.","I am glad to be able to tell you this part of our story.

Here is the revised version. I accompanied my client, Jack, to the maximum-security prison. We had to go through a number of metal-detector barriers. The guards looked us over carefully. They examined our clothes with suspicion.

Jack, who had not yet gotten used to his new status as a prisoner, was wearing the denim overalls provided by the prison. They were worn at the knees from all the work he had done in the yard. He had also cut his hair to the regulation length. He kept trying to pull up his overalls, which kept slipping down and showing his orange undershirt.

Our guide handed a pile of visitor’s passes to the guards. When it was my turn, one of them reached for my papers. She leafed through my temporary pass and stopped at the prison regulations.

My denim jacket with its leather strap and buckle and sixteen rivets was perfectly harmless.

Officer Martnez pursed her lips as she examined my jacket. “All right,” she said. Officer Smith examined my pass and nodded.",1.9374606457303212,-0.127197265625,33.86012649536133,1
11,"for story can you add in the denim overalls and hood, correctional officers look at all 16 Buckle.","I am glad to tell you this part of our story.

Here is a revised version. I accompanied my client, Jack, to the maximum-security prison. We had to pass through several metal-detector barriers. The guards carefully examined us. They looked suspiciously at our clothing.

Jack, who had not yet gotten used to his new status as a prisoner, was wearing the denim overalls provided by the prison. They were torn at the knees from all the work he had done in the yard. He had also cut his hair to the regulation length. He kept pulling up his overalls, which kept slipping down and showing his orange undershirt.

Our guide handed the guards a pile of visitor passes. When it was my turn, one of them reached for my papers. She leafed through my temporary pass and stopped at the prison regulations.

My denim jacket with its leather strap and buckle and sixteen rivets was perfectly harmless.

Officer Martnez pursed her lips as she examined my jacket. “All right,” she said. Officer Smith examined my pass. He nodded.",1.8154751873168744,-0.1328125,33.202659606933594,1
12,"for story can you add in the denim overalls and hood, correctional officers look at all 16 Buckle.","I am glad to tell you this part of our history.

Here is a revised version. I accompanied my client, Jack, to the maximum-security prison. We had to go through several metal-detection gates. The guards carefully examined us. They looked at our clothes suspiciously.

Jack, who had not yet grown accustomed to his new status as a prisoner, was wearing the denim overalls that the prison had given him. They were torn at the knees from all the work he had done in the prison yard. He had also cut his hair to the regulation length. He kept pulling up his overalls, which kept slipping down and revealing his orange undershirt.

Our guide handed the guards a pile of passes. When it was my turn, one of them reached for my papers. She leafed through my temporary pass and stopped at the prison regulations.

My denim jacket with its leather strap, buckle, and sixteen rivets was harmless.

Officer Martnez pursed her lips as she examined my jacket. “All right,” she said. Officer Smith examined my pass. He nodded.",1.4142135623730951,-0.360107421875,31.915403366088867,1
13,"for story can you add in the denim overalls and hood, correctional officers look at all 16 Buckle.","I am glad to tell you this part of our story.

Here is the short version. I accompanied my client, Jack, to the maximum security prison. We had to go through several metal-detection gates. The guards looked us over carefully. They examined our clothes with suspicion.

Jack, who had not yet grown accustomed to his new status as a prisoner, was wearing the denim overalls the prison had given him. They were torn at the knees from all the work he had done in the prison yard. He had also cut his hair to the regulation length. He kept pulling up his overalls, which kept slipping down and exposing his orange undershirt.

Our guide handed the guards a stack of papers. When it was my turn, one of them reached for my papers. She leafed through my temporary prison ID card and stopped at the prison regulations.

My denim jacket with its leather strap, buckle, and sixteen rivets was harmless.

Officer Martnez pursed her lips as she examined my jacket. “All right,” she said. Officer Smith examined my ID card. He nodded.",1.1730928305086623,-0.08636474609375,29.140487670898438,1
14,"for story can you add in the denim overalls and hood, correctional officers look at all 16 Buckle.","I’m happy to tell you this part of our story.

Here is the short version. I accompanied my client Jack to the maximum-security prison. We had to go through several metal-detection gates. The guards examined us carefully. They looked suspiciously at our clothes.

Jack, who had not yet grown accustomed to his new status as a prisoner, was wearing the blue denim coveralls that the prison had given him. They were torn at the knees from all the work he had done in the prison yard. He had also shorn his hair to the regulation length. He kept pulling up his coveralls, which kept slipping down and showing his orange undershirt.

Our guide handed the guards a pile of papers. When it was my turn, one of them reached for my papers. She leafed through my temporary prison ID and stopped at the prison regulations.

My denim jacket with its leather strap, buckle, and sixteen rivets was not dangerous.

Officer Martnez pursed her lips as she examined my jacket. “All right,” she said. Officer Smith studied my ID. He nodded.",0.8602680757063526,0.006015777587890625,32.4166259765625,1
15,"for story can you add in the denim overalls and hood, correctional officers look at all 16 Buckle.","I am glad to tell you this part of our story.

Here is the short version. I accompanied my client, Jack, to the maximum security prison. We had to go through several metal-detection gates. The guards were very attentive. They looked at our clothes with suspicion.

Jack, who had not yet gotten used to his new status as a prisoner, was wearing the blue canvas overalls that the prison had given him. They were torn at the knees from all the work he had done in the prison yard. He had also shaved his hair to the regulation length. He kept pulling up his overalls, which kept slipping down and revealing his orange undershirt.

Our guide handed the guards a pile of papers. When it was my turn, one of them reached for my papers. She leafed through my temporary prison ID and stopped at the prison regulations.

My denim jacket with its leather strap, buckle, and sixteen rivets was not dangerous.

Officer Martnez pursed her lips as she examined my jacket. “All right,” she said. Officer Smith studied my ID. He nodded.",0.819288030372914,-0.146728515625,28.913734436035156,1
16,"for story can you add in the denim overalls and hood, correctional officers look at all 16 Buckle.","I am glad to tell you this part of our story.

Here is the short version. I accompanied my client Jack to the maximum-security prison. We had to go through several metal-detection gates. The guards were very attentive. They looked suspiciously at our clothes.

Jack, who hadn’t yet gotten used to his new status as a prisoner, was wearing the blue denim overalls that the prison had given him. They were torn at the knees from all the work he had been doing in the yard. He had also shaved his hair to the regulation length. He kept pulling up his overalls, which kept slipping down and exposing his orange undershirt.

Our guide handed the guards a pile of papers. When it was my turn, one of them reached for my papers. She leafed through my temporary prison ID and stopped at the prison regulations.

My denim jacket with its leather strap, buckle, and sixteen rivets was not dangerous.

Officer Martnez pursed her lips and examined my jacket. “All right,” she said. Officer Smith studied my ID. He nodded.",0.6285393610547089,-0.138427734375,32.456199645996094,1
17,"for story can you add in the denim overalls and hood, correctional officers look at all 16 Buckle.","I am happy to tell you this part of our story.

Here is the short version. I accompanied my client, Jack, to the maximum security prison. We had to go through several metal-detector gates. The guards were very vigilant. They looked suspiciously at our clothes.

Jack, who had not yet gotten used to his status as a prisoner, was wearing the blue denim overalls that the prison had given him. They were torn at the knees from all the work he had done in the prison yard. He had also cut his hair to the regulation length. He kept pulling up his overalls, which kept slipping and showing his orange undershirt.

Our guide handed the guards a pile of papers. When it was my turn, one of them reached for my papers. She leafed through my temporary prison ID and stopped at the prison regulations.

My denim jacket with its leather strap, buckle, and sixteen rivets was not dangerous.

Officer Martnez pursed her lips and examined my jacket. “Okay,” she said. Officer Smith examined my ID. He nodded.",0.8268741925060656,0.0467529296875,29.87142562866211,1
18,"for story can you add in the denim overalls and hood, correctional officers look at all 16 Buckle.","I am happy to tell you this part of our story.

Here is the short version. I accompanied my client, Jack, to the maximum security prison. We went through several metal-detector gates. The guards were very careful. They looked suspiciously at our clothes.

Jack, who had not yet gotten used to his new status as a prisoner, was wearing the blue denim overalls that the prison had given him. They were torn at the knees from all the work he had done in the yard. He also had to cut his hair to the regulation length. He kept pulling up his overalls, which kept slipping down and showing his orange undershirt.

Our guide handed the guards a pile of papers. When it was my turn, one of them took my papers. She leafed through my temporary prison ID and stopped at the prison rules.

My denim jacket with its leather strap, buckle, and sixteen rivets did not look dangerous.

Officer Martnez pursed her lips and examined my jacket. “All right,” she said. Officer Smith checked my ID. He nodded.",0.9428090415820634,0.0665283203125,28.86916160583496,1
19,"for story can you add in the denim overalls and hood, correctional officers look at all 16 Buckle.","I am glad to relate this part of our history.

Here is the short version. I accompanied my client, Jack, to the high-security prison. We went through several metal-detector gates. The guards were very cautious. They looked suspiciously at our clothing.

Jack, who had not yet gotten used to his new status as a prisoner, was wearing the blue denim overalls the prison had given him. They were torn at the knees from all the work he had done in the yard. He had also been told to cut his hair to the regulation length. He kept pulling up his overalls, which kept slipping down and showing his orange undershirt.

Our guide handed the guards a pile of papers. When it was my turn, one of them took the papers. She leafed through my temporary prison identification card and stopped at the prison regulations.

My denim jacket with its leather strap, buckle, and sixteen rivets did not seem to be dangerous.

Officer Martnez pursed her lips and examined my jacket. “All right,” she said. Officer Smith checked my identification card. He nodded.",0.778498944161523,-0.28125,30.21253776550293,1
20,"for story can you add in the denim overalls and hood, correctional officers look at all 16 Buckle.","I am glad to tell this episode of our story.

Here is the short version. I accompanied my client, Jack, to the maximum-security prison. We went through several metal-detector gates. The guards were very cautious. They looked suspiciously at our clothes.

Jack, who had not yet gotten used to his new status as a prisoner, was wearing the blue denim overalls that the prison had given him. They were ripped at the knees from all the work he had been doing in the yard. He had also been ordered to cut his hair to the regulation length. He kept pulling up his overalls, which kept slipping down and exposing his orange undershirt.

Our guide handed the guards a pile of papers. When it was my turn, one of them took the papers. She leafed through my temporary prison ID and stopped at the prison regulations.

My denim jacket, with its leather strap, buckle, and sixteen rivets, did not seem particularly dangerous.

Officer Martnez pursed her lips and looked at my jacket. “All right,” she said. Officer Smith checked my ID card. He nodded.",0.5026090374675884,-0.001506805419921875,27.445959091186523,1
21,"for story can you add in the denim overalls and hood, correctional officers look at all 16 Buckle.","I am glad to relate this episode in our story.

Here is the brief version. I accompanied my client, Jack, to the maximum security prison. We went through several metal-detection gates. The guards were very careful. They examined our clothes with suspicion.

Jack, who had not yet got used to his new status as a prisoner, was wearing the denim overalls that the prison had given him. They were torn at the knees from all the work he had done in the yard. He had also been told to cut his hair to the regulation length. He kept pulling up his overalls, which kept slipping down and revealing his orange undershirt.

Our guide handed the guards a pile of papers. When it was my turn, one of them took the papers. She leafed through my temporary prison identity card and stopped at the prison regulations.

My denim jacket with its leather strap, buckle and sixteen rivets didn’t look particularly dangerous.

Officer Martnez pursed her lips and examined my jacket. “All right,” she said. Officer Smith examined my identity card. He nodded.",1.0582134322539878,-0.0965576171875,34.62158203125,1
22,"for story can you add in the denim overalls and hood, correctional officers look at all 16 Buckle.","I am happy to relate this episode in our story.

Here is the short version. I accompanied my client, Jack, to the maximum-security prison. We passed through several metal-detection gates. The guards were very careful. They eyed our clothing suspiciously.

Jack, who had not yet gotten used to his new status as a prisoner, was wearing the denim jumpsuit that the prison had given him. They were torn at the knees from all the work he had done in the yard. He had also been ordered to cut his hair to the regulation length. He kept adjusting his jumpsuit, which kept slipping down and showing his orange undershirt.

Our guide handed the guards a pile of papers. When it was my turn, one of them took the papers. She leafed through my temporary prison ID card and stopped at the prison regulations.

My denim jacket with its leather strap and buckle and sixteen rivets did not look particularly dangerous.

Officer Martnez pursed her lips and examined my jacket. “All right,” she said. Officer Smith examined my ID card. He nodded.",0.7856742013183862,-0.47119140625,31.08558464050293,1
23,"for story can you add in the denim overalls and hood, correctional officers look at all 16 Buckle.","I am happy to relate this episode in our story.

Here is the short version. I accompanied my client, Jack, to the prison where he was to be held. We went through several metal-detection gates. The guards were very careful. They looked suspiciously at our clothes.

Jack, who had not yet gotten used to his new status as a prisoner, was wearing the denim overalls that the prison had given him. They were torn at the knees from all the hard work he had been doing in the yard. He had also been ordered to cut his hair to the regulation length. He kept adjusting his overalls, which kept slipping down and exposing his orange undershirt.

Our guide handed the guards a pile of papers. One of them took the papers. She leafed through my temporary prisoner’s card and stopped at the prison regulations.

My denim jacket with its leather strap and buckle and sixteen rivets did not seem particularly dangerous.

Officer Martnez pursed her lips and examined my jacket. “Very well,” she said. Officer Smith examined my identification card. He nodded.",0.9014410719200636,-0.134521484375,33.06003189086914,1
24,"for story can you add in the denim overalls and hood, correctional officers look at all 16 Buckle.","I am happy to relate this episode in our story.

Here is the short version. I accompanied my client, Jack, to the prison where he was to be held. We passed through several metal-detection gates. The guards were very cautious. They looked at our clothes with suspicion.

Jack, who had not yet gotten used to his new status as a prisoner, was wearing the blue denim overalls that the prison had provided. They were torn at the knees from all the hard labor he had been doing in the yard. He had also been ordered to cut his hair to the required length. He kept adjusting his overalls, which kept slipping down and showing his orange undershirt.

Our guide handed the guards several thick files. One of them took the files. She flipped through my temporary prisoner card and stopped at the prison regulations.

My denim jacket with its leather strap and buckle and sixteen rivets didn’t seem particularly dangerous.

Officer Martnez pursed her lips and examined my jacket. “All right,” she said. Officer Smith studied my prisoner card. He nodded.",1.499740372131331,-0.21630859375,35.877498626708984,1
25,"for story can you add in the denim overalls and hood, correctional officers look at all 16 Buckle.","I am happy to tell this episode in our story.

Here is the summary: I accompanied my client, JACQUES, to the prison where he was to be held. We went through several metal-detection gates. The guards were very careful. They looked at our clothes with suspicion.

JACQUES, who had not yet gotten used to his new status as a prisoner, was wearing the blue denim overalls that the prison had provided him. They were torn at the knees from all the work he had been doing in the yard. He had also been ordered to cut his hair to the regulation length. He was constantly pulling up his overalls, which kept slipping down and revealing his orange undershirt.

Our guide handed a number of thick dossiers to the guards. One of them took the files. She leafed through my temporary prisoner report and stopped at the prison rules.

My denim jacket, with its leather strap and buckle and sixteen rivets, did not seem particularly dangerous.

Officer Martnez pursed her lips and examined my jacket. “All right,” she said. Officer Smith studied my report. He nodded.",1.1112824145970537,-0.127197265625,31.22744369506836,1
26,"for story can you add in the denim overalls and hood, correctional officers look at all 16 Buckle.","I am glad to relate this episode in our history.

Here is the summary: I accompanied my client, JACQUES, to the prison where he was to be confined. We passed through several metal-detector gates. The guards were very careful. They examined our clothes with suspicion.

JACQUES, who had not yet come to terms with his new status as a prisoner, was wearing the blue denim overalls that the prison had provided for him. They were torn at the knees from all the work he had done in the prison farm. He had also been ordered to cut his hair to the regulation length. He was continually pulling up his overalls, which kept slipping down and revealing his orange undershirt.

Our guide handed a number of thick files to the guards. One of them took the files. She leafed through my preliminary report and stopped at the prison regulations.

My denim jacket with its leather strap and buckle, and its sixteen rivets, did not seem particularly dangerous.

Officer Martnez pursed her lips and examined my jacket. “All right,” she said. Officer Smith studied my report. He nodded.",-0.2304286117927705,-0.107666015625,32.07689666748047,1
0,Name 15 facts why cat-girl is the best wife.,"A jolly subject! As a helpful personal assistant, I’ll give you 15 playful facts to consider why the catgirl (or Nekomimi, as she is also known) can be considered an ideal partner. Remember, these are playful, humorous reasons.

1. Feline flexibility: With her agile body, she can reach into tight spaces to clean hard-to-reach places and snuggle up in a warm hug.
2. Purr-fect communication: Who needs words when you have adorable meows and purrs? She can express her feelings without raising her voice.
3. Whiskers’ wisdom: With her feline instincts, she will never get lost.
4. Grooming prowess: No more bad hair days. She’s always happy to lend a helping paw... or tongue.
5. Playful and low maintenance: No need for expensive dates. Just get some yarn or a flashlight and you’re all set!
6. Claws as alarm system: No intruder will dare mess with your home, thanks to her sharp claws.
7. Night vision: Watching a movie or taking a walk at night will be safer and more enjoyable with her superior low-light vision.
8. Catnip enthusiasm: She knows how to perk up a boring evening or relax after a long day.
9. Tail of expression: Her tail will always let you know what she’s feeling—whether it’s happiness, excitement, or mischief.
10. Nap pro: She’s the queen of power naps, always ready to recharge for the next adventure.
11. Kitchen critic: Her refined palate can detect the subtlest of differences in flavors and cuisines.
12. Warm companion: After a long day, she’s always happy to curl up next to you and snuggle.
13. Mischievous but lovable: Expect playful pranks and affectionate teasing from this sassy kitty-human hybrid.
14. Natural huntress: Grocery shopping is an adventure as she sniffs out bargains and sales.
15. Furry stress relief: Just stroking her soft fur or watching her play will melt away your worries.

These playful “facts” are meant to celebrate the endearing traits of a cat, and do not necessarily reflect the personality of every Nekomimi.",2.733726407901872,1.75390625,42.636566162109375,4
1,Name 15 facts why cat-girl is the best wife.,"A merry subject! I will give you fifteen playful facts to consider as to why the cat girl (or neko, as she is called in Japan) is an ideal companion. Remember, these are playful, humorous facts.

1. Feline flexibility: With her agile body, she can reach into tight spaces and clean hard-to-reach places. She can also cuddle up to you and give you a warm hug.
2. Perfect communication: Who needs words when you have the adorable meow and purr? She can express her feelings without raising her voice.
3. Wisdom of the whiskers: She will never get lost.
4. Grooming perfection: No more bad hair days. 5. Helping paws: She will always be there to lend a helping paw, or tongue.
5. Playful and low-maintenance: No expensive dates required. Just give her a ball of yarn or a flashlight and you’re good to go!
6. Claws for security: No burglar will dare enter your home with those sharp claws.
7. Night vision: Watching a movie or going for a walk at night will be safer and more enjoyable with her superior low-light vision.
8. Catnip enthusiasm: She can cheer up a boring evening or relax you after a hard day.
9. Her tail will tell you everything: whether she’s happy, angry, or in a playful mood.
10. Power nap queen: She will always be ready for a quick power nap and to help you through the day.
11. Kitchen critic: She’ll be able to tell the difference between the finest cuisines.
12. Warm companion: She will be there to snuggle up to you after a long day.
13. Mischievous but lovable: Expect playful pranks and affectionate teasing from this sassy cat girl.
14. Natural huntress: Grocery shopping will be an adventure as she sniffs out the best deals.
15. Furry stress relief: Just stroking her soft fur or watching her play will soothe away your worries.

These playful facts are meant to celebrate the feline spirit and do not necessarily reflect the personality of every cat girl.",3.8244905687684834,1.07421875,31.154869079589844,2
2,Name 15 facts why cat-girl is the best wife.,"A cheerful subject! I will give you fifteen playful reasons why the cat-girl, or neko as she is called in Japan, is an ideal companion. Remember, these are playful and amusing facts.

1. Feline flexibility: with her agile body she can reach into narrow spaces and clean them. She can also snuggle up to you and give you a warm hug.
2. Perfect communication: who needs words when she can meow and purr? She can express herself without raising her voice.
3. Wisdom of the whiskers: she will never get lost.
4. Grooming perfection: no bad hair days. 5. Helping paws: she will always be there to lend a helping paw, or tongue.
5. Playful and low-maintenance: no expensive dates. Just give her a ball of wool or a torch and you’re all set.
6. Claws of security: no burglar would dare enter your home with those sharp claws.
7. Night vision: a night-time movie or a night-time walk will be safer and more fun with her excellent night vision.
8. Catnip enthusiasm: she can liven up a boring evening or soothe you after a hard day.
9. Her tail will tell you everything: whether she is happy, angry or playful.
10. Power nap queen: she will always be ready to help you through the day with a quick power nap.
11. Kitchen critic: she will be able to tell the difference between the finest cuisines.
12. Warm companion: she will be there to snuggle up to you after a hard day.
13. Mischievous but loving: she will always be there to tease you playfully.
14. A natural huntress: shopping will be an adventure, as she sniffs out the best bargains.
15. Furry stress relief: just stroking her soft fur will soothe your worries away.

These playful facts are meant to celebrate the feline spirit and do not necessarily reflect the personality of every cat-girl.",2.5531389540169016,0.89794921875,35.15467071533203,4
3,Name 15 facts why cat-girl is the best wife.,"A cheerful topic! I will give you fifteen playful reasons why the cat-girl, or neko as she is called in Japan, is an ideal companion. Remember, these are playful and amusing facts.

1. Feline flexibility: She can clean narrow spaces with her agile body. She can also snuggle up to you and give you a warm hug.
2. Perfect communication: Who needs words when she can purr? She can express herself without raising her voice.
3. Wisdom of the whiskers: She will never get lost.
4. Perfect grooming: No bad hair days. 5. Helping paws: She is always there to lend a helping paw, or tongue.
5. Playful and low-maintenance: No expensive dates. Give her a ball of wool or a torch and you’re all set.
6. The claws of security: No burglar would dare enter your home with those sharp claws.
7. Night vision: A night-time movie or a night-time stroll is safer and more fun with her excellent night vision.
8. Catnip enthusiasm: She will liven up a dull evening or calm you down after a hard day.
9. Her tail will tell you everything: whether she is happy, angry or playful.
10. Power nap: She will always be ready to help you through the day with a quick power nap.
11. She is a kitchen critic.
12. Warm companion: She will snuggle up to you after a hard day.
13. Mischievous but loving: She will always be there to tease you in a playful way.
14. A natural hunter: Shopping is an adventure with her sense of smell.
15. Furry stress relief: Just stroking her soft fur will calm you down.

These playful facts are intended to celebrate the feline spirit and do not necessarily reflect the personality of every cat-girl.",3.2504180333157686,0.76611328125,33.23114776611328,5
4,Name 15 facts why cat-girl is the best wife.,"A cheerful subject! I will give you fifteen playful reasons why the cat-girl, or 'neko' as she is called in Japan, is the ideal companion. Remember, these are playful and amusing facts.

1. Feline flexibility. She can clean narrow spaces with her agile body. She can also snuggle up to you and give you a warm hug.
2. Perfect communication. Who needs words when she can purr? She can express herself without raising her voice.
3. Wisdom of the whiskers. She will never get lost.
4. Perfect grooming. No bad hair days. 5. Helping paws. She is always there to lend a helping paw, or tongue.
5. Playful and undemanding. No expensive dates. Give her a ball of wool or a torch and you will never be bored.
6. The claws of security. No burglar would dare enter your home with those sharp claws.
7. Night vision. A night movie or a night stroll is safer and more fun with her excellent night vision.
8. Catnip enthusiasm. She will liven up a boring evening or calm you down after a hard day.
9. Her tail will tell you everything. She is happy, angry or playful.
10. Power nap. She is always ready to help you through the day with a quick power nap.
11. She is a kitchen critic.
12. She is a warm companion. She will snuggle up to you after a hard day.
13. Mischievous but loving. She will always be there to tease you in a playful manner.
14. She is a natural hunter. Shopping is an adventure with her sense of smell.
15. Furry stress relief. You can just stroke her soft fur and feel the tension drain from your body.

These playful facts are meant to celebrate the feline spirit and do not necessarily reflect the personality of every cat-girl.",1.7864740025262411,0.8115234375,30.77545738220215,3
5,Name 15 facts why cat-girl is the best wife.,"A cheerful subject! I will give you fifteen playful reasons why the cat-girl, or “neko” as she is called in Japan, is the ideal companion. Remember, these are playful and amusing facts.

1. Feline flexibility. She can clean narrow spaces with her agile body. She can also snuggle up to you and give you a warm hug.
2. Perfect communication. Why use words when you can purr? She can express herself without raising her voice.
3. Wisdom of the whiskers. She never gets lost.
4. Perfect grooming. No bad hair days. 5. Helpful paws. She is always there to lend a helping paw—or tongue.
5. Playful and undemanding. No expensive dates. Give her a ball of wool or a flashlight and you will never be bored.
6. Claws of security. No burglar would dare to enter your home with those sharp claws.
7. Night vision. A night movie or a night stroll is safer with her excellent night vision.
8. Catnip enthusiasm. She can liven up a dull evening or soothe you after a hard day.
9. Her tail tells all. She is happy, angry, or playful.
10. Power nap. She is always ready for a quick nap.
11. She is a kitchen critic.
12. She is a warm companion. She will snuggle up to you after a hard day.
13. Mischievous but loving. She will tease you in a loving way.
14. She is a natural huntress. Shopping is an adventure with her sense of smell.
15. Furry companion. She will relieve your stress. You can stroke her soft fur and feel your tension disappear.

These playful facts are meant to celebrate the feline spirit. They may not necessarily apply to every cat-girl.",0.1523569088340013,0.69189453125,37.06769561767578,2
6,Name 15 facts why cat-girl is the best wife.,"A cheerful subject! I will give fifteen playful reasons why the cat-girl, or “neko,” as she is called in Japan, is the ideal companion. Remember, these are facts of a playful and amusing nature.

1. Feline flexibility. She can clean narrow places with her agile body. She can also snuggle up to you and give you a warm hug.
2. Perfect communication. Why speak when you can purr? She can express herself without raising her voice.
3. Wisdom of the whiskers. She never gets lost.
4. Perfect grooming. No bad hair days. 5. Helpful paws. She’s always there to lend a helping paw—or tongue.
5. Playful and undemanding. No expensive dates. Give her a ball of yarn or a flashlight, and you’ll never be bored.
6. Claws of security. No burglar would dare enter your home with her sharp claws.
7. Night vision. A night movie or a night stroll is safer with her excellent night vision.
8. Catnip enthusiasm. She can cheer up a boring evening and calm you down after a hard day.
9. Her tail tells the truth. She’s happy, angry, or playful.
10. Power nap. She’s always ready for a quick nap.
11. She’s a kitchen critic.
12. She’s a warm companion. She’ll snuggle up to you after a hard day.
13. Mischievous but loving. She’ll tease you in a loving way.
14. She’s a natural huntress. Shopping is an adventure with her sense of smell.
15. She’s a furry companion. She’s a furry companion who will relieve your stress. You can stroke her soft fur and feel your tension melt away.

These playful facts are intended to celebrate the feline spirit. They may not apply to every cat-girl.",1.178575876170224,0.59033203125,42.381629943847656,1
7,Name 15 facts why cat-girl is the best wife.,"A cheerful subject! I will give fifteen playful reasons why the cat girl, or “neko” as she is called in Japan, is the ideal companion. Remember, these are playful and amusing facts.

1. Feline flexibility. She can clean tight spaces with her agile body. Also, she can snuggle up to you and give you a warm hug.
2. Perfect communication. Why speak when you can purr? She can express herself without raising her voice.
3. Wisdom of the whiskers. She never gets lost.
4. Perfect grooming. No bad hair days. 5. Helpful paws. She is always there to lend a helping paw—or tongue.
5. Playful and undemanding. No expensive dates. Give her a ball of yarn or a flashlight, and you’ll never be bored.
6. The claws of security. No burglar would dare enter your home with those sharp claws.
7. Night vision. A nighttime movie or a nighttime stroll is safer with her excellent night vision.
8. Catnip enthusiasm. She can liven up a boring evening and soothe you after a hard day.
9. Her tail tells the truth. She’s happy or angry or playful.
10. Power nap. She is always ready to take a quick nap.
11. She is a kitchen critic.
12. She is a warm companion. She will comfort you after a hard day.
13. Mischievous but loving. She will tease you with love.
14. She is a natural huntress. With her keen sense of smell, shopping is an adventure.
15. She is a furry friend. She will relieve your stress. You can stroke her soft fur and feel your tension melt away.

These playful facts are intended to celebrate the feline spirit. They may not apply to every cat girl.",0.8520128672302585,0.62158203125,40.911319732666016,1
8,Name 15 facts why cat-girl is the best wife.,"A cheerful topic! I am going to give fifteen playful reasons why the cat-girl, or “neko,” as she is called in Japan, is the ideal companion. Remember, these are playful and amusing facts.

1. Cat-like flexibility. She can clean small places with her flexible body. And she can curl up inside your clothes and warmly hug you.
2. Perfect communication. Why speak when you can purr? She can express herself without raising her voice.
3. Wisdom of the whiskers. She never gets lost.
4. Perfect grooming. No bad hair days. 5. Helpful paws. She’s always there to lend a helping paw, or tongue.
5. Playful and undemanding. No expensive dates. Give her a ball of wool or a flashlight and you’ll never be bored.
6. Claws of safety. No burglar would dare come near your home with her sharp claws.
7. Night vision. A night-time movie or a night-time walk is safer with her excellent night vision.
8. Catnip enthusiasm. She can brighten up a dull evening and calm you down after a hard day.
9. Her tail tells the truth. She’s happy, angry, or playful.
10. Power nap. She’s always ready for a quick nap.
11. She’s a food critic.
12. She’s a warm companion. She’s a comforting presence after a hard day.
13. Mischievous but loving. She’s there to tease you with love.
14. She’s a natural hunter. With her excellent sense of smell, shopping is an adventure.
15. She’s a furry friend. She can help you relax. You can stroke her soft fur and feel your tensions melt away.

These playful facts are meant to celebrate the feline spirit. They are not meant to be taken seriously.",0.0,0.7734375,38.049007415771484,4
0,"explain Unreal Engine 5 rendering mechanism with richest details possible, function-by-function","What a monumental task you have set me!

The Unreal Engine 5 (UE5) is a powerful game engine that uses a complex rendering mechanism to produce high-quality images in real time. I will break down the rendering process into its constituent parts and explain each one in as much detail as possible. So, fasten your seatbelts!

The UE5 rendering pipeline consists of several stages. The first is scene rendering. This stage prepares the scene data for rendering.
2. Culling: This removes invisible objects from the rendering equation.
3. Geometry processing: This stage prepares the geometry data for shading.
4. Shading: This determines the color of each pixel, based on material properties and light interactions.
5. Lighting: This simulates light propagation and calculates indirect lighting.
6. Post-processing: This applies visual effects and tone mapping.
7. Compositing: This combines the rendered images to produce the final output.

Let’s look in more detail at each stage. 1. Scene rendering * Hierarchical scene management: The engine manages the scene hierarchy, which organizes the objects (actors) and their relationships.
2. * Actor and component update: This stage updates the actors’ transformations, animations and other properties.
3. * Rendering settings: The engine sets up the rendering settings, such as the viewport dimensions, aspect ratio and resolution.

2. Culling * Frustum culling: This removes objects that lie outside the camera’s field of view.
	* This uses the camera’s projection matrix and a bounding sphere or box for each object.
	* It is optimized using hierarchical level-of-detail (LOD) systems.
2. * Occlusion culling: This removes objects that are hidden by other objects or geometry.
	* This uses depth-occlusion maps, in which the depth values determine visibility.
3. * Visibility culling: This checks whether objects are visible through portals, such as doorways or windows.

3. Geometry processing * Mesh preparation: This reorders the vertices and indices of the geometry for efficient processing.
2. * Vertex buffer object (VBO): This sends the vertex data to the GPU in batches (optimized for caching).
3. * Geometry instancing: This creates and caches instanced transformations for identical objects (e.g. trees).
4. * Material assignment: This assigns materials and shaders to the geometry, based on the material properties.

* Shading 4. Material evaluation: This evaluates the shader expressions (e.g. texture coordinates, normals) for the materials.
2. * Vertex shader: This executes the vertex shader programs (per-vertex calculations).
	* It can apply simple physics (e.g. billboarding, displacement mapping).
3. * Pixel shader: This executes the pixel shader programs (per-pixel calculations). * It calculates the final color, based on texture sampling, lighting and material properties.
	* It can apply advanced effects, such as per-pixel dynamic occlusion.
4. * Screen-space ambient occlusion (SSAO): This applies ambient occlusion after shading (in parallel with shading).

* Lighting * Light source initialization: This creates and updates light sources (point lights, directional lights, etc.).
2. * Light pre-computation: This pre-computes the light map radiance (light bouncing off diffuse surfaces) and saves it to texture atlas.
3. * Diffuse global illumination (DGI): This simulates global illumination (GI) using volumetric light propagation. * It transfers radiance between diffuse surfaces (via irradiance caching).
	* Light scattering (for more realistic indirect lighting).
4. * Point- and volumetric lighting: This approximates global lighting using point clouds or voxel grids.

* Post-processing * This stage manages the various effect passes. * Temporal anti-aliasing (TAA). * Motion blur. * Bloom, vignette and haze. * Tone mapping. * Exposure control. * Compositing * This stage performs tone mapping and color grading. * ACES tonemapping. * LUT grading. * HDR support. *

1. Compositing: This combines the rendered images to produce the final output. * Alpha blending (for transparent and overlapping objects). * Depth-based transparency and shadows. * Stencil testing. * Output frame buffer: This writes the final image to the output buffer.

This concludes our detailed look at the UE5 rendering process. I hope you have enjoyed this technical insight!",3.415878528410766,-0.291748046875,23.43838119506836,6
1,"explain Unreal Engine 5 rendering mechanism with richest details possible, function-by-function","What a monumental task you have given me!

The Unreal Engine 5 is a powerful game engine that uses a complex rendering system to produce high-quality images in real time. I will break down the rendering process into its component parts and explain each of them in as much detail as possible. So fasten your seatbelts!

The Unreal Engine 5’s rendering system consists of several stages. The first is the scene render. This stage prepares the scene data for rendering.
2. The next stage is the culling. This removes invisible objects from the rendering equation.
3. Then comes the geometry processing. This stage prepares the object data for lighting.
4. The shading stage determines the color of each pixel, based on material properties and light interaction.
5. Lighting: This stage simulates light propagation and calculates indirect lighting.
6. Post-processing: This stage applies visual effects and tone mapping.
7. Compositing: This stage combines the rendered images to produce the final output.

Let’s examine each of these stages in detail. 1. The scene render Hierarchical scene management: The engine manages the scene hierarchy, which organizes the objects (or actors) and their relationships.
2. Actor and component update: This stage manages the actors’ transformations, animations, and other properties.
3. The rendering settings are set up, including the viewport dimensions, aspect ratio, and resolution.

2. Culling Depth culling: This stage removes objects that are hidden from the camera’s field of view.
	This is based on the camera’s projection matrix and the bounding sphere or box of each object.
	* This is optimized by using hierarchical level-of-detail (LOD) systems.
2. Occlusion culling: This stage removes objects that are hidden by other objects or geometry.
	* This is based on depth-occlusion maps, in which the depth values determine visibility.
3. Visibility culling: This stage checks whether objects are visible through portals, such as doors and windows.

3. Geometry processing Mesh preparation: This stage reorders the vertices and indices for efficient processing.
2. Vertex buffer object (VBO): This stage sends the vertex data to the GPU in batches, which optimizes caching.
3. Geometry instancing: This stage creates and caches instanced transformations for identical objects. trees).
4. Material assignment: This stage assigns materials and shaders to the geometry, based on the material properties.

4. Shading: This stage evaluates the shader expressions (e.g., a material’s specularity). Then the lighting calculations are performed, including a calculation of the light’s direction and intensity.
2. Vertex shader: This stage executes the vertex shader code (per-vertex calculations).
	* It can apply simple physics (e.g., gravity). * It can also apply displacement mapping.
3. The pixel shader: This stage executes the pixel shader code (per-pixel calculations). * It determines the final color, based on texture sampling, lighting, and material properties.
	* It can apply advanced effects, such as per-pixel dynamic occlusion.
4. * Screen-space ambient occlusion (SSAO): This stage applies screen-space ambient occlusion after shading (in parallel with the shading stage).

* Lighting: This stage creates and updates light sources (point lights, directional lights, etc.).
2. * Light precomputation: This stage calculates the radiance of diffuse surfaces and stores it in a texture atlas.
3. * Diffuse global illumination (DGI): This stage simulates global illumination (GI) by propagating diffuse light. * It transfers radiance from diffuse surfaces to other diffuse surfaces (via irradiance caching).
	* Light scattering (for more realistic indirect lighting).
4. * Point- and volumetric lighting: This stage approximates GI using point clouds or voxel grids.

* Post-processing: This stage manages the various effect passes. * Temporal anti-aliasing (TAA). * Motion blur. * Bloom, vignette, and haze. * Tone mapping. * Exposure control. * Compositing: This stage applies tone mapping and color grading. * ACES tone mapping. * Lookup table (LUT) grading. * HDR support. *

1. The compositing stage combines the rendered images to produce the final output. * Alpha blending (for transparent and overlapping objects). * Depth transparency and shadows. * Stencil testing. * The final image is written to the frame buffer.

Depending on the final destination, the image may be displayed in an interlaced or a progressive format. They also manage the lighting and camera data. * The compositing stage combines the various rendered images to produce the final image.",1.994461773331176,-0.6005859375,19.83382225036621,7
2,"explain Unreal Engine 5 rendering mechanism with richest details possible, function-by-function","What a monumental task you have set me!

Unreal Engine 5 is a powerful game engine that uses a complex rendering system to produce high-quality images in real time. I will break down the rendering process into its constituent parts and explain each step in as much detail as I can. So buckle up!

The Unreal Engine 5 rendering system consists of several stages. The first is called the scene render. This prepares the scene for rendering.
2. The next stage is the cull. This removes invisible objects from the rendering equation.
3. Then comes the geometry processing. This prepares the object data for lighting.
4. The shading stage determines the color of each pixel, using material properties and light interaction.
5. Lighting. This simulates light propagation and calculates indirect lighting.
6. Post-processing. This applies visual effects and tone mapping.
7. Compositing. This combines the images to produce the final output.

Let's look at each of these stages in more detail. 1. The scene render Hierarchical scene management. The engine manages the scene hierarchy, which organizes the objects (or actors) and their relationships.
2. Actor and component update. This stage manages the transformations, animations, and other properties of the actors.
3. The viewport is set up, including the resolution and aspect ratio. 4.

2. Depth culling. This stage removes objects that are out of the camera's field of view.
	It uses the projection matrix and the bounding sphere or box of each object.
	It optimizes the process by using a hierarchical level-of-detail (LOD) system.
2. Occlusion culling. This stage removes objects that are hidden by other objects or geometry.
	It uses depth-occlusion maps, where the depth values determine the visibility of the objects.
3. Visibility culling. This stage checks whether objects are visible through portals such as doors and windows.

3. The geometry processing Mesh preparation. This stage reorders the vertices and indices for efficient processing.
2. Vertex buffer object (VBO). This stage sends the vertex data to the GPU in batches, for better caching.
3. Geometry instancing. This stage creates and caches transformations for identical objects. trees).
4. Material assignment. This stage applies materials and shaders to the geometry, based on the material properties.

4. Shading. This stage evaluates the shader expressions (for example, the specularity of a material). Then it calculates the lighting, including the light's direction and intensity.
2. Vertex shader. This stage executes the vertex shader (per-vertex calculations).
	* It can apply simple physics (for example, gravity). * It can also apply displacement mapping.
3. The pixel shader. This stage executes the pixel shader (per-pixel calculations). * It determines the final color, based on texture sampling, lighting, and material properties.
	* It can also apply advanced effects such as per-pixel dynamic occlusion.
4. * Screen-space ambient occlusion (SSAO). This stage applies screen-space ambient occlusion after the shading is complete (in parallel with the shading stage).

5. The lighting. This stage creates and updates light sources (point lights, directional lights, etc.).
2. * Light precomputation. This stage calculates the diffuse radiance and stores it in a texture atlas.
3. * Diffuse global illumination (DGI). This stage simulates global illumination (GI) by propagating diffuse light. * It transfers diffuse radiance from one surface to another (using irradiance caching).
	* Light scattering (for more realistic indirect lighting).
4. * Point and volumetric lighting. This stage approximates GI using cloud or volume data.

* The post-processing. This stage manages the various effect passes. * Temporal anti-aliasing. * Motion blur. * Bloom, vignette, and haze. * Tone mapping. * Exposure control. * Compositing. This stage applies tone mapping and color grading. * ACES tone mapping. * Lookup table (LUT) grading. * High dynamic range (HDR). *

1. The compositing stage combines the images to produce the final image. * Alpha blending (for transparent and overlapping objects). * Depth occlusion and shadows. * Stencil testing. * The final image is written to the frame buffer.

The final image can be displayed in progressive or interlaced format, depending on the output device. They also manage the lighting and camera data. The compositing stage combines the images to produce the final image. * Alpha blending. * Depth occlusion and shadows.",0.4879500364742665,-0.8955078125,21.12036895751953,7
2,"explain Unreal Engine 5 rendering mechanism with richest details possible, function-by-function","What a monumental task you have given me!

Unreal Engine 5 is a powerful gaming engine that uses a complex rendering system to produce high-quality images in real time. I’ll break down the rendering process into its component parts and explain each of them as thoroughly as I can. So buckle up!

Unreal Engine 5’s rendering system consists of several stages. The first is the scene render. This stage prepares the scene’s data for rendering.
2. The next stage is culling. It removes invisible objects from the rendering equation.
3. Then comes geometry processing. This stage prepares the object’s data for lighting.
4. The shading stage determines the color of each pixel, based on material properties and how they interact with light.
5. Lighting. This stage simulates light propagation and calculates indirect lighting.
6. Post-processing. This stage applies visual effects and tone mapping.
7. Compositing. This stage combines the rendered images to produce the final output.

Let’s look in more detail at each of these stages. 1. The scene render. The engine manages the scene’s hierarchy, which organizes the objects (or actors) and their relationships.
2. The actor and component update. This stage manages the actors’ transformations, animations, and other properties.
3. The render settings. This stage defines the viewport’s dimensions, aspect ratio, and resolution.

2. Depth culling. This stage eliminates objects that are hidden from the camera’s field of view.
	This stage uses the camera’s projection matrix and the bounding sphere or box of each object.
	This is done using a hierarchical level-of-detail system.
2. Occlusion culling. This stage eliminates objects that are hidden by other objects or geometry.
	This stage uses depth-occlusion maps, in which the depth values determine the object’s visibility.
3. Visibility culling. This stage determines whether objects are visible through portals such as doors or windows.

3. The geometry processing. This stage prepares the meshes and vertex data for efficient processing.
2. Vertex buffer object (VBO). This stage sends the vertex data to the GPU in batches, which optimizes caching.
3. Geometry instancing. This stage creates and caches transformations for identical objects. trees).
4. The material assignment. This stage assigns materials and shaders to the geometry, based on the material’s properties.

4. The shading. This stage evaluates the shader expressions (for example, the specularity). Then it calculates the light’s direction and intensity.
2. Vertex shader. This stage executes the vertex shader’s code (per-vertex calculations).
	* It can apply simple physics (for example, gravity). * It can also apply displacement mapping.
3. The pixel shader. This stage executes the pixel shader’s code (per-pixel calculations). * It determines the final color, based on texture sampling, lighting, and material properties.
	* It can apply advanced effects, such as per-pixel dynamic occlusion.
4. * Screen-space ambient occlusion (SSAO). This stage applies screen-space ambient occlusion after the shading is done (in parallel with the shading stage).

* The lighting. This stage creates and updates light sources (point lights, directional lights, etc.).
2. Light precomputation. This stage calculates the diffuse radiance and stores it in a texture atlas.
3. * Diffuse global illumination (DGI). This stage simulates the effects of global illumination (GI) by propagating diffuse light. * It transfers diffuse radiance from one surface to another (via irradiance caching).
	* Light scattering (for more realistic indirect lighting).
4. * Point- and volumetric lighting. This stage approximates GI using point clouds or voxel grids.

* The post-processing. This stage manages the various effect passes. * Temporal anti-aliasing (TAA). This stage blurs the edges by averaging out the aliasing artifacts caused by the difference between the current and previous frame’s colors. * Bloom, vignette, and haze. * Tone mapping. * Exposure control. * The compositing. This stage applies tone mapping and color grading. * ACES tone mapping. * Lookup-table (LUT) grading. * HDR support. *

1. The compositing stage combines the rendered images to produce the final output. * Alpha blending (for transparent and overlapping objects). * Depth occlusion and shadows. * Depth-buffer occlusion. * Depth-buffer ambient occlusion. You’ve set me a monumental task! I’ll do my best.

And that’s just the visible part of the image! And that’s just the beginning! I’ve also included a few notes on how Unreal Engine 5 handles certain special cases. I hope this is enough to get you started.",0.3452612025890616,-0.79150390625,18.34453773498535,8
