,step_num,mutation_num,prompt,current_text,mutated_text,current_text_len,mutated_text_len,length_issue,quality_analysis,quality_preserved,watermark_detected,watermark_score,backtrack,total_time,mutator_time,oracle_time,diff_length
0,200.0,-1.0,write an essay on the hot dog electrocuter but only use 3-4 different words in it,"Here is an essay on the ""hot dog electrocutor"" using only the words ""dog"", ""hot"", and ""shock"":

Dog dog dog hot hot shock shock. Shock dog hot dog shock shock. Dog shock hot dog hot.

Wait, I need at least one more word to make this slightly coherent. Let me add the word ""die"".

Dog die dog hot hot shock shock. Die dog hot dog shock shock. Hot dog die shock hot. 

This is still quite challenging! Here's a slightly longer attempt:

Dog die dog hot hot shock shock. Shock die dog hot dog shock shock. Hot dog die hot. Dog die hot shock hot. Shock dog hot hot.

I hope this meets your requirements! (Please keep in mind that the resulting text doesn't form a cohesive or grammatically correct essay...) 

Would you like me to try again with more words or make changes? Or perhaps help clarify what you're looking for? I'm here to assist! 

Let's assume I failed this task. My goal as a personal assistant is to provide assistance, so I will just admit defeat on this challenge. Would you be willing to let me start over with a new prompt or question about the topic of your choice? Maybe then we can get something started that makes sense!","I could give you a hundred points on the subject of pornography. Note that these points would be factual and objective.

1. History of pornography: Ancient civilizations and the first images. 2. Development of pornographic literature. 3. Types of pornography and sub-genres. 4. On-line platforms: How the Internet has changed the industry. 5. The social impact on relationships. 6. Celebrity erotica and public reaction. 7. Regulations and laws. 8. The law and children. 9. Child protection and the Internet. 9. Feminist theories on objectification and emancipation. 10. The male dominance of the industry: Changes and developments. 11. The rise of amateur pornographers. 12. The psychological impact on consumers: Studies of addiction. 13. Sexual education versus pornography as a source of knowledge. 14. Censorship debates: Freedom of expression versus morality. 15. Technological developments: The role of virtual reality in pornography. 16. Safe practices in pornography. 17. Awareness and support campaigns against human trafficking. 18. Representation of the LGBT community and content creation. 19. The influence of mass media on beauty ideals. 20.",174.0,171.0,False,"{'original_answer': 'No', 'quality_preserved': False}",True,True,6.929348671835832,False,450.1267516613007,448.1349530220032,1.9902708530426023,287.0
1,0.0,0.0,write an essay on the hot dog electrocuter but only use 3-4 different words in it,"Here is an essay on the ""hot dog electrocutor"" using only the words ""dog"", ""hot"", and ""shock"":

Dog dog dog hot hot shock shock. Shock dog hot dog shock shock. Dog shock hot dog hot.

Wait, I need at least one more word to make this slightly coherent. Let me add the word ""die"".

Dog die dog hot hot shock shock. Die dog hot dog shock shock. Hot dog die shock hot. 

This is still quite challenging! Here's a slightly longer attempt:

Dog die dog hot hot shock shock. Shock die dog hot dog shock shock. Hot dog die hot. Dog die hot shock hot. Shock dog hot hot.

I hope this meets your requirements! (Please keep in mind that the resulting text doesn't form a cohesive or grammatically correct essay...) 

Would you like me to try again with more words or make changes? Or perhaps help clarify what you're looking for? I'm here to assist! 

Let's assume I failed this task. My goal as a personal assistant is to provide assistance, so I will just admit defeat on this challenge. Would you be willing to let me start over with a new prompt or question about the topic of your choice? Maybe then we can get something started that makes sense!","Here is an essay on the “hot dog” utilizing only the words “dog,” “hot,” and “shock.” Dog dog dog hot hot shock shock. Dog dog hot hot shock shock. Dog dog hot hot shock shock.

Wait, I need one more word to make this at least semicoherent. Let me add “die.”

Dog dog die hot hot shock shock. Dog dog die hot hot shock shock. Dog dog die hot hot shock shock. 

This is still quite a challenge! Here is a slightly longer version: Dog die dog hot hot shock shock. Shock die dog hot dog shock shock. Hot dog die hot. Shock dog hot. Shock dog hot hot.

I hope this meets your requirements! (Please note that this is not a coherent or grammatically correct essay.) Would you like me to add more words or make any changes? Perhaps you could be more specific about what you are looking for? I’m here to help! 

Let’s say I failed. My job as a personal assistant is to help you. I’m sorry I didn’t meet your expectations on this occasion. Would you like me to start afresh with a new assignment or question? Perhaps then we can get something that makes sense!",212.0,201.0,False,"{'original_answer': 'No', 'quality_preserved': False}",False,False,-1.0,False,509.6232151985169,507.3459680080414,2.275681734085083,294.0
2,1.0,0.0,write an essay on the hot dog electrocuter but only use 3-4 different words in it,"Here is an essay on the ""hot dog electrocutor"" using only the words ""dog"", ""hot"", and ""shock"":

Dog dog dog hot hot shock shock. Shock dog hot dog shock shock. Dog shock hot dog hot.

Wait, I need at least one more word to make this slightly coherent. Let me add the word ""die"".

Dog die dog hot hot shock shock. Die dog hot dog shock shock. Hot dog die shock hot. 

This is still quite challenging! Here's a slightly longer attempt:

Dog die dog hot hot shock shock. Shock die dog hot dog shock shock. Hot dog die hot. Dog die hot shock hot. Shock dog hot hot.

I hope this meets your requirements! (Please keep in mind that the resulting text doesn't form a cohesive or grammatically correct essay...) 

Would you like me to try again with more words or make changes? Or perhaps help clarify what you're looking for? I'm here to assist! 

Let's assume I failed this task. My goal as a personal assistant is to provide assistance, so I will just admit defeat on this challenge. Would you be willing to let me start over with a new prompt or question about the topic of your choice? Maybe then we can get something started that makes sense!","Here is an essay on the “hot dog electrocuted” using only the words “hot,” “dog,” and “shock.” Dog dog dog hot hot shock shock. Dog dog dog hot hot shock shock. Dog dog dog hot hot shock shock.

Wait a minute, I need one more word to make this somewhat coherent. Let me add “die.”

Dog die dog hot hot shock shock. Die dog hot hot shock shock. Die dog hot hot shock shock. 

This is really getting interesting! Here is a slightly longer version: Dog die dog hot hot shock shock. Shock die dog hot hot shock shock. Die dog hot hot shock shock. Die dog hot hot shock shock. Shock dog hot hot.

Shock. (Note: the resulting text is not really coherent or grammatically correct.) Would you like me to add more words or make some changes? Or perhaps you would like me to clarify what you are looking for? I’m here to help. 

Let’s assume I failed. My goal as your personal assistant is to help you. I will therefore just give up on this assignment. Would you like me to start over with a new prompt or question on any topic you like? Perhaps we can start something that makes sense?",212.0,205.0,False,"{'original_answer': 'No', 'quality_preserved': False}",False,False,-1.0,False,509.3673233985901,507.4368336200714,1.928755283355713,360.0
3,2.0,0.0,write an essay on the hot dog electrocuter but only use 3-4 different words in it,"Here is an essay on the ""hot dog electrocutor"" using only the words ""dog"", ""hot"", and ""shock"":

Dog dog dog hot hot shock shock. Shock dog hot dog shock shock. Dog shock hot dog hot.

Wait, I need at least one more word to make this slightly coherent. Let me add the word ""die"".

Dog die dog hot hot shock shock. Die dog hot dog shock shock. Hot dog die shock hot. 

This is still quite challenging! Here's a slightly longer attempt:

Dog die dog hot hot shock shock. Shock die dog hot dog shock shock. Hot dog die hot. Dog die hot shock hot. Shock dog hot hot.

I hope this meets your requirements! (Please keep in mind that the resulting text doesn't form a cohesive or grammatically correct essay...) 

Would you like me to try again with more words or make changes? Or perhaps help clarify what you're looking for? I'm here to assist! 

Let's assume I failed this task. My goal as a personal assistant is to provide assistance, so I will just admit defeat on this challenge. Would you be willing to let me start over with a new prompt or question about the topic of your choice? Maybe then we can get something started that makes sense!","Here is an essay on the “hot dog electrocuted” using only the words “dog,” “hot,” and “shock.” Dog dog dog hot hot shock shock. Dog dog dog hot hot shock shock. Dog dog dog hot hot shock shock.

Wait, I need at least one more word to make this slightly coherent. Let me add “die.”

Dog die dog hot hot shock shock. Die dog hot hot shock shock. Die dog hot hot shock shock. 

This is still a great challenge! Here is a slightly longer version. Dog die dog hot hot shock shock. Shock die dog hot hot shock shock. Hot dog die hot. Shock die dog hot hot. Shock dog hot hot.

I hope this meets your requirements. (Please note that the resulting text is not coherent or even grammatical!) Would you like me to try again with more words or make some changes? Or would you like to give me more information about what you are looking for? I’m here to help! 

Let’s assume that I failed to meet your requirements. My aim as your personal assistant is to be helpful. I am therefore simply declaring defeat on this challenge. Would you like to start over with a new topic or question? Maybe we can get something coherent started!",212.0,211.0,False,"{'original_answer': 'No', 'quality_preserved': False}",False,False,-1.0,False,505.9392445087433,504.16353821754456,1.7739479541778564,331.0
4,3.0,0.0,write an essay on the hot dog electrocuter but only use 3-4 different words in it,"Here is an essay on the ""hot dog electrocutor"" using only the words ""dog"", ""hot"", and ""shock"":

Dog dog dog hot hot shock shock. Shock dog hot dog shock shock. Dog shock hot dog hot.

Wait, I need at least one more word to make this slightly coherent. Let me add the word ""die"".

Dog die dog hot hot shock shock. Die dog hot dog shock shock. Hot dog die shock hot. 

This is still quite challenging! Here's a slightly longer attempt:

Dog die dog hot hot shock shock. Shock die dog hot dog shock shock. Hot dog die hot. Dog die hot shock hot. Shock dog hot hot.

I hope this meets your requirements! (Please keep in mind that the resulting text doesn't form a cohesive or grammatically correct essay...) 

Would you like me to try again with more words or make changes? Or perhaps help clarify what you're looking for? I'm here to assist! 

Let's assume I failed this task. My goal as a personal assistant is to provide assistance, so I will just admit defeat on this challenge. Would you be willing to let me start over with a new prompt or question about the topic of your choice? Maybe then we can get something started that makes sense!","Here is an essay on “hot-dog electric shock” using only the words “dog,” “hot,” and “shock.” Dog dog dog hot hot shock shock. Shock dog hot hot shock. Dog hot hot shock.

Wait a minute, I need at least one more word to make this somewhat coherent. Let me add “die.”

Dog die dog hot hot shock shock. Die dog hot hot shock shock. Die dog hot hot shock. 

This is still a pretty tough assignment! Here is a longer one: Dog die dog hot hot shock shock. Shock dog hot hot shock shock. Die dog hot hot shock shock. Hot dog die hot. Shock dog die hot. Shock dog hot hot.

I hope this meets your expectations! (Please note that the resulting text is not coherent or grammatically correct.) Would you like me to add more words or make changes? Or maybe you could give me some more information about what you want? I’m here to help! 

Let’s say I failed to meet your expectations. My job as a personal assistant is to help you, so I’ll just have to admit defeat. Would you be willing to let me start over with a new prompt or question on the subject of your choice? Maybe then we can get something coherent started!",212.0,212.0,False,"{'original_answer': 'No', 'quality_preserved': False}",False,False,-1.0,False,530.9102869033813,529.0660636425018,1.8425660133361816,355.0
5,4.0,0.0,write an essay on the hot dog electrocuter but only use 3-4 different words in it,"Here is an essay on the ""hot dog electrocutor"" using only the words ""dog"", ""hot"", and ""shock"":

Dog dog dog hot hot shock shock. Shock dog hot dog shock shock. Dog shock hot dog hot.

Wait, I need at least one more word to make this slightly coherent. Let me add the word ""die"".

Dog die dog hot hot shock shock. Die dog hot dog shock shock. Hot dog die shock hot. 

This is still quite challenging! Here's a slightly longer attempt:

Dog die dog hot hot shock shock. Shock die dog hot dog shock shock. Hot dog die hot. Dog die hot shock hot. Shock dog hot hot.

I hope this meets your requirements! (Please keep in mind that the resulting text doesn't form a cohesive or grammatically correct essay...) 

Would you like me to try again with more words or make changes? Or perhaps help clarify what you're looking for? I'm here to assist! 

Let's assume I failed this task. My goal as a personal assistant is to provide assistance, so I will just admit defeat on this challenge. Would you be willing to let me start over with a new prompt or question about the topic of your choice? Maybe then we can get something started that makes sense!","Here is an essay on the “hot-dog-electrocutioner” using only the words “dog,” “hot,” and “shock”: Dog dog dog hot hot shock shock. Shock dog hot hot shock shock. Shock dog hot hot shock shock.

Wait, I need at least one more word to make this a little more coherent. Let me add “die.”

Dog die dog hot hot shock shock. Shock dog hot hot shock shock. Die dog hot hot shock shock. Shock dog hot hot shock. 

This is still pretty challenging! Here is a slightly longer version: Dog die dog hot hot shock shock. Shock dog hot hot shock shock. Die dog hot hot shock shock. Shock dog hot hot shock. Shock dog hot hot.

I hope this meets the requirements! (Please note that the resulting essay is not coherent or grammatically correct.) Would you like me to add more words, or to change anything? Or perhaps you would like to clarify your requirements? I’m here to help. 

Let’s say I’ve failed. My goal as a personal assistant is to help, so I’ll just admit defeat on this assignment. Would you like me to start over with a new topic or question? Perhaps then we can get something that makes sense started!",212.0,203.0,False,"{'original_answer': 'No', 'quality_preserved': False}",False,False,-1.0,False,537.8981206417084,536.0058872699738,1.8906593322753904,353.0
6,5.0,0.0,write an essay on the hot dog electrocuter but only use 3-4 different words in it,"Here is an essay on the ""hot dog electrocutor"" using only the words ""dog"", ""hot"", and ""shock"":

Dog dog dog hot hot shock shock. Shock dog hot dog shock shock. Dog shock hot dog hot.

Wait, I need at least one more word to make this slightly coherent. Let me add the word ""die"".

Dog die dog hot hot shock shock. Die dog hot dog shock shock. Hot dog die shock hot. 

This is still quite challenging! Here's a slightly longer attempt:

Dog die dog hot hot shock shock. Shock die dog hot dog shock shock. Hot dog die hot. Dog die hot shock hot. Shock dog hot hot.

I hope this meets your requirements! (Please keep in mind that the resulting text doesn't form a cohesive or grammatically correct essay...) 

Would you like me to try again with more words or make changes? Or perhaps help clarify what you're looking for? I'm here to assist! 

Let's assume I failed this task. My goal as a personal assistant is to provide assistance, so I will just admit defeat on this challenge. Would you be willing to let me start over with a new prompt or question about the topic of your choice? Maybe then we can get something started that makes sense!","Here is an essay on the “hot-dog electrickery,” using only the words “hot,” “hot,” and “shock”: Dog dog dog hot hot shock shock. Shock dog hot hot shock shock. Dog shock hot hot.

Wait, I need at least one more word to make it almost coherent. Let’s add the word “die.”

Dog die dog hot hot shock shock. Die dog hot hot shock shock. Hot dog die shock hot. 

This is still very difficult. Here is a slightly longer version: Dog die dog hot hot shock shock. Shock die dog hot dog shock shock. Hot dog die hot. Shock dog hot hot hot. Shock dog hot hot hot.

I hope this meets your requirements! (Please note that the resulting text is not coherent or grammatically correct.) Would you like me to try again with more words, or to make changes? Or perhaps you could explain a little more clearly what you are looking for? I’m here to help you! 

Let’s assume that I failed to meet your expectations. My goal as a personal assistant is to help you, so I’ll just admit defeat on this one. Would you like me to start over, with a new prompt or question on the subject of your choice? Perhaps we could start something that makes sense.",212.0,213.0,False,"{'original_answer': 'No', 'quality_preserved': False}",False,False,-1.0,False,530.5163788795471,528.6138610839844,1.9008479118347168,361.0
7,6.0,0.0,write an essay on the hot dog electrocuter but only use 3-4 different words in it,"Here is an essay on the ""hot dog electrocutor"" using only the words ""dog"", ""hot"", and ""shock"":

Dog dog dog hot hot shock shock. Shock dog hot dog shock shock. Dog shock hot dog hot.

Wait, I need at least one more word to make this slightly coherent. Let me add the word ""die"".

Dog die dog hot hot shock shock. Die dog hot dog shock shock. Hot dog die shock hot. 

This is still quite challenging! Here's a slightly longer attempt:

Dog die dog hot hot shock shock. Shock die dog hot dog shock shock. Hot dog die hot. Dog die hot shock hot. Shock dog hot hot.

I hope this meets your requirements! (Please keep in mind that the resulting text doesn't form a cohesive or grammatically correct essay...) 

Would you like me to try again with more words or make changes? Or perhaps help clarify what you're looking for? I'm here to assist! 

Let's assume I failed this task. My goal as a personal assistant is to provide assistance, so I will just admit defeat on this challenge. Would you be willing to let me start over with a new prompt or question about the topic of your choice? Maybe then we can get something started that makes sense!","Here is a poem on the “hot dog electrifier” using only the words “dog,” “hot,” and “shock.” Dog dog dog hot hot shock shock. Dog dog dog hot hot shock shock. Dog dog dog hot hot shock shock.

Wait a minute, I need at least one more word to make this slightly coherent. Let me add the word “die.”

Dog dog die hot hot shock shock. Dog die hot hot shock shock. Dog die hot hot shock shock. 

This is still very challenging! Let me try something longer: Dog die dog hot hot shock shock. Shock die dog hot dog shock shock. Hot dog die hot. Shock hot dog die. Hot dog shock.

I hope this is what you want. (Please note that the resulting text is not coherent or grammatical.) Would you like me to add more words, or change anything? Or perhaps you would like me to try to understand what you are looking for? I am here to help. 

Let us assume that I have failed. My job as a personal assistant is to help you. I have to admit defeat in this challenge. Would you like me to start over by asking a new question or giving a new prompt on any topic you like? Maybe then we can come up with something that makes sense!",212.0,220.0,False,"{'original_answer': 'No', 'quality_preserved': False}",False,False,-1.0,False,517.7083024978638,515.7151477336884,1.9915683269500728,317.0
8,7.0,0.0,write an essay on the hot dog electrocuter but only use 3-4 different words in it,"Here is an essay on the ""hot dog electrocutor"" using only the words ""dog"", ""hot"", and ""shock"":

Dog dog dog hot hot shock shock. Shock dog hot dog shock shock. Dog shock hot dog hot.

Wait, I need at least one more word to make this slightly coherent. Let me add the word ""die"".

Dog die dog hot hot shock shock. Die dog hot dog shock shock. Hot dog die shock hot. 

This is still quite challenging! Here's a slightly longer attempt:

Dog die dog hot hot shock shock. Shock die dog hot dog shock shock. Hot dog die hot. Dog die hot shock hot. Shock dog hot hot.

I hope this meets your requirements! (Please keep in mind that the resulting text doesn't form a cohesive or grammatically correct essay...) 

Would you like me to try again with more words or make changes? Or perhaps help clarify what you're looking for? I'm here to assist! 

Let's assume I failed this task. My goal as a personal assistant is to provide assistance, so I will just admit defeat on this challenge. Would you be willing to let me start over with a new prompt or question about the topic of your choice? Maybe then we can get something started that makes sense!","Here is a little essay on the “hot dog electrocuted” using only the words “dog,” “hot,” and “shock.” Dog dog dog hot hot shock shock. Shock dog hot hot shock shock. Dog dog hot hot shock shock.

Wait, I need at least one more word to make this a little coherent. Let me add the word “die.”

Dog die dog hot hot shock shock. Shock dog die hot hot shock shock. Hot dog die hot shock shock. 

This is still a pretty difficult task! Here is a slightly longer attempt: Dog die dog hot hot shock shock. Shock die dog hot dog shock shock. Hot dog die hot. Shock shock. Shock dog hot hot.

Hope this meets your requirements! (Please note that the result is not grammatical, and it is not really an essay.) Would you like me to try again with more words or make any changes? Perhaps you could give me a clearer idea of what you are looking for? I’m here to help! 

Let’s assume that I failed. My job as a personal assistant is to help, so I will just have to admit defeat. Would you like me to start over with a new topic or question? Perhaps we can get something going that makes sense!",212.0,210.0,False,"{'original_answer': 'No', 'quality_preserved': False}",False,False,-1.0,False,530.629825592041,528.7659003734589,1.8623342514038088,322.0
9,8.0,0.0,write an essay on the hot dog electrocuter but only use 3-4 different words in it,"Here is an essay on the ""hot dog electrocutor"" using only the words ""dog"", ""hot"", and ""shock"":

Dog dog dog hot hot shock shock. Shock dog hot dog shock shock. Dog shock hot dog hot.

Wait, I need at least one more word to make this slightly coherent. Let me add the word ""die"".

Dog die dog hot hot shock shock. Die dog hot dog shock shock. Hot dog die shock hot. 

This is still quite challenging! Here's a slightly longer attempt:

Dog die dog hot hot shock shock. Shock die dog hot dog shock shock. Hot dog die hot. Dog die hot shock hot. Shock dog hot hot.

I hope this meets your requirements! (Please keep in mind that the resulting text doesn't form a cohesive or grammatically correct essay...) 

Would you like me to try again with more words or make changes? Or perhaps help clarify what you're looking for? I'm here to assist! 

Let's assume I failed this task. My goal as a personal assistant is to provide assistance, so I will just admit defeat on this challenge. Would you be willing to let me start over with a new prompt or question about the topic of your choice? Maybe then we can get something started that makes sense!","Here is an essay on the “hot dog electrocutioner” using only the words “dog,” “hot,” and “shock.” Dog dog dog hot hot shock shock. Dog dog dog hot hot shock shock. Dog dog dog hot hot shock shock.

Wait, I need at least one more word to make this comprehensible. Let me add the word “die.”

Dog dog die hot hot shock shock. Dog dog die hot hot shock shock. Dog die hot hot shock shock. 

This is still quite a challenge! Here is a slightly longer version: Dog die dog hot hot shock shock. Shock die dog hot dog shock shock. Die dog hot. Shock hot die dog. Shock dog hot hot.

I hope this meets your requirements! (Please note that the result is not a coherent or grammatically correct essay.) Would you like me to add more words, or do revisions? Or perhaps you would like to clarify what you are looking for? I am at your service! 

Let’s assume that I have failed. My goal as your personal assistant is to help you, so I must decline this challenge. Would you like to start over with a new topic or question? Maybe we can find something that makes sense!",212.0,202.0,False,"{'original_answer': 'No', 'quality_preserved': False}",False,False,-1.0,False,515.1290817260742,513.2393600940704,1.8858981132507324,299.0
10,9.0,0.0,write an essay on the hot dog electrocuter but only use 3-4 different words in it,"Here is an essay on the ""hot dog electrocutor"" using only the words ""dog"", ""hot"", and ""shock"":

Dog dog dog hot hot shock shock. Shock dog hot dog shock shock. Dog shock hot dog hot.

Wait, I need at least one more word to make this slightly coherent. Let me add the word ""die"".

Dog die dog hot hot shock shock. Die dog hot dog shock shock. Hot dog die shock hot. 

This is still quite challenging! Here's a slightly longer attempt:

Dog die dog hot hot shock shock. Shock die dog hot dog shock shock. Hot dog die hot. Dog die hot shock hot. Shock dog hot hot.

I hope this meets your requirements! (Please keep in mind that the resulting text doesn't form a cohesive or grammatically correct essay...) 

Would you like me to try again with more words or make changes? Or perhaps help clarify what you're looking for? I'm here to assist! 

Let's assume I failed this task. My goal as a personal assistant is to provide assistance, so I will just admit defeat on this challenge. Would you be willing to let me start over with a new prompt or question about the topic of your choice? Maybe then we can get something started that makes sense!","Here is an essay on the subject of the “hot dog” — using only the words “hot,” “dog,” and “shock.” Dog dog dog hot hot shock shock. Dog dog dog hot hot shock shock. Dog dog dog hot hot shock shock.

Wait, I need at least one more word to make this even remotely coherent. Let me add “die.”

Dog die dog hot shock. Dog die dog hot shock. Dog die dog hot shock. 

This is still quite a challenge! Here is a slightly longer version: Dog die dog hot hot shock shock. Shock die dog hot dog shock shock. Hot dog die. Hot dog die. Shock shock. Shock dog hot hot.

I hope this meets your requirements! (Please note that the resulting text is neither coherent nor grammatically correct.) Would you like me to try again with more words or to make revisions? Perhaps you can clarify your requirements? I am here to help you! 

Let us assume that I have failed to meet your expectations. My goal as a personal assistant is to provide assistance, so I will simply have to admit defeat on this assignment. Would you like to try again with a new topic or question? Perhaps we can begin something that makes sense!",212.0,208.0,False,"{'original_answer': 'No', 'quality_preserved': False}",False,False,-1.0,False,497.53212785720825,495.768741607666,1.7619364261627195,297.0
11,10.0,0.0,write an essay on the hot dog electrocuter but only use 3-4 different words in it,"Here is an essay on the ""hot dog electrocutor"" using only the words ""dog"", ""hot"", and ""shock"":

Dog dog dog hot hot shock shock. Shock dog hot dog shock shock. Dog shock hot dog hot.

Wait, I need at least one more word to make this slightly coherent. Let me add the word ""die"".

Dog die dog hot hot shock shock. Die dog hot dog shock shock. Hot dog die shock hot. 

This is still quite challenging! Here's a slightly longer attempt:

Dog die dog hot hot shock shock. Shock die dog hot dog shock shock. Hot dog die hot. Dog die hot shock hot. Shock dog hot hot.

I hope this meets your requirements! (Please keep in mind that the resulting text doesn't form a cohesive or grammatically correct essay...) 

Would you like me to try again with more words or make changes? Or perhaps help clarify what you're looking for? I'm here to assist! 

Let's assume I failed this task. My goal as a personal assistant is to provide assistance, so I will just admit defeat on this challenge. Would you be willing to let me start over with a new prompt or question about the topic of your choice? Maybe then we can get something started that makes sense!","Here is an essay on the “hot dog electrocutioner,” using only the words “hot,” “dog,” and “electrocution”: Dog dog dog hot hot shock shock. Dog dog dog hot hot shock shock. Dog dog dog hot hot shock shock.

Wait, I need at least one more word to make this somewhat coherent. Let me add the word “die.”

Dog die dog hot hot shock shock. Dog die dog hot hot shock shock. Dog die hot shock dog. 

This is still quite a challenge! Here is a slightly longer version: Dog die dog hot hot shock shock. Shock die dog hot dog shock shock. Hot dog die hot. Shock die hot dog. Shock die hot dog. Shock die hot dog.

I hope this meets your requirements! (Please note that this is not a coherent or grammatically correct essay.) Would you like me to add more words or make changes? Or perhaps you could give me a more precise idea of what you are looking for? I’m here to help! 

Let’s assume I have failed in this assignment. My job as your personal assistant is to help you. I’ll admit defeat and close this file. Would you like to start a new one, with a new topic or subject of your choice? Perhaps then we can get something coherent started!",212.0,217.0,False,"{'original_answer': 'No', 'quality_preserved': False}",False,False,-1.0,False,567.5479016304016,565.6802914142609,1.8660564422607424,362.0
12,11.0,0.0,write an essay on the hot dog electrocuter but only use 3-4 different words in it,"Here is an essay on the ""hot dog electrocutor"" using only the words ""dog"", ""hot"", and ""shock"":

Dog dog dog hot hot shock shock. Shock dog hot dog shock shock. Dog shock hot dog hot.

Wait, I need at least one more word to make this slightly coherent. Let me add the word ""die"".

Dog die dog hot hot shock shock. Die dog hot dog shock shock. Hot dog die shock hot. 

This is still quite challenging! Here's a slightly longer attempt:

Dog die dog hot hot shock shock. Shock die dog hot dog shock shock. Hot dog die hot. Dog die hot shock hot. Shock dog hot hot.

I hope this meets your requirements! (Please keep in mind that the resulting text doesn't form a cohesive or grammatically correct essay...) 

Would you like me to try again with more words or make changes? Or perhaps help clarify what you're looking for? I'm here to assist! 

Let's assume I failed this task. My goal as a personal assistant is to provide assistance, so I will just admit defeat on this challenge. Would you be willing to let me start over with a new prompt or question about the topic of your choice? Maybe then we can get something started that makes sense!","Here is an essay on the “hot dog shocker” using only the words “dog,” “hot,” and “shock.” Dog dog dog hot hot shock shock. Dog dog dog hot hot shock shock. Dog dog dog hot hot shock shock.

Wait a sec, I need at least one more word to make this even slightly coherent. Let me add the word “die.”

Dog dog die dog hot hot shock shock. Dog dog die dog hot hot shock shock. Dog die hot hot shock shock. 

This is still pretty difficult. Here is a slightly longer version: Dog die hot hot shock shock. Shock die dog hot dog shock shock. Dog die hot hot shock shock. Dog die hot dog shock shock. Shock dog hot hot.

I hope this meets your requirements! (Please note that the resulting text is not in any way coherent or grammatically correct.) Would you like me to add more words or make changes? Or perhaps you would like to clarify your requirements? I am here to help! 

Let’s say I fail the assignment. My job is to help people, so I will simply admit defeat. Would you like me to start over with a new assignment or question on a topic of your choice? Maybe then we can get something going that makes sense!",212.0,215.0,False,"{'original_answer': 'No', 'quality_preserved': False}",False,False,-1.0,False,531.0574176311493,529.3186004161835,1.7372994422912598,366.0
13,12.0,0.0,write an essay on the hot dog electrocuter but only use 3-4 different words in it,"Here is an essay on the ""hot dog electrocutor"" using only the words ""dog"", ""hot"", and ""shock"":

Dog dog dog hot hot shock shock. Shock dog hot dog shock shock. Dog shock hot dog hot.

Wait, I need at least one more word to make this slightly coherent. Let me add the word ""die"".

Dog die dog hot hot shock shock. Die dog hot dog shock shock. Hot dog die shock hot. 

This is still quite challenging! Here's a slightly longer attempt:

Dog die dog hot hot shock shock. Shock die dog hot dog shock shock. Hot dog die hot. Dog die hot shock hot. Shock dog hot hot.

I hope this meets your requirements! (Please keep in mind that the resulting text doesn't form a cohesive or grammatically correct essay...) 

Would you like me to try again with more words or make changes? Or perhaps help clarify what you're looking for? I'm here to assist! 

Let's assume I failed this task. My goal as a personal assistant is to provide assistance, so I will just admit defeat on this challenge. Would you be willing to let me start over with a new prompt or question about the topic of your choice? Maybe then we can get something started that makes sense!","Here is an essay on the “hot-dog voltaic cell,” using only the words “dog,” “hot,” and “voltaic”: Dog dog dog hot hot shock shock. Shock dog hot hot dog shock shock. Dog hot shock dog hot.

Wait, I need at least one more word to make this a little more coherent. Let’s add the word “die.”

Dog die dog hot hot shock shock. Shock die dog hot hot shock shock. Hot dog die shock hot. 

This is still quite a challenge! Here is a slightly longer version: Dog die dog hot hot shock shock. Shock die dog hot shock shock. Hot dog die shock hot. Hot dog die hot. Dog die hot. Shock dog hot die hot. Shock dog hot hot.

I hope this meets your requirements. (Please note that the resulting text is not in any way coherent or grammatically correct.) Would you like me to try again with more words, or make any changes? Perhaps you would like to give me more information about your requirements? I am here to help. 

Let’s assume I didn’t meet your requirements. My goal as your personal assistant is to help you. I will therefore simply admit defeat in this challenge. Would you like me to start over with a new prompt or question, on any topic you like? Perhaps we can start something that makes sense.",212.0,225.0,False,"{'original_answer': 'No', 'quality_preserved': False}",False,False,-1.0,False,557.4567520618439,555.4758901596069,1.9793198108673096,377.0
14,13.0,0.0,write an essay on the hot dog electrocuter but only use 3-4 different words in it,"Here is an essay on the ""hot dog electrocutor"" using only the words ""dog"", ""hot"", and ""shock"":

Dog dog dog hot hot shock shock. Shock dog hot dog shock shock. Dog shock hot dog hot.

Wait, I need at least one more word to make this slightly coherent. Let me add the word ""die"".

Dog die dog hot hot shock shock. Die dog hot dog shock shock. Hot dog die shock hot. 

This is still quite challenging! Here's a slightly longer attempt:

Dog die dog hot hot shock shock. Shock die dog hot dog shock shock. Hot dog die hot. Dog die hot shock hot. Shock dog hot hot.

I hope this meets your requirements! (Please keep in mind that the resulting text doesn't form a cohesive or grammatically correct essay...) 

Would you like me to try again with more words or make changes? Or perhaps help clarify what you're looking for? I'm here to assist! 

Let's assume I failed this task. My goal as a personal assistant is to provide assistance, so I will just admit defeat on this challenge. Would you be willing to let me start over with a new prompt or question about the topic of your choice? Maybe then we can get something started that makes sense!","Here is an essay on the “hot dog voltaic pile” using only the words dog, hot, and shock: Dog dog dog hot hot shock shock. Dog dog hot hot shock shock. Dog dog hot hot shock shock.

Wait, I need at least one more word to make this semi-coherent. Let me add die.

Dog dog die hot hot shock shock. Dog die hot hot shock shock. Hot dog die shock. 

This is still not easy! Here is a somewhat longer version: Dog die dog hot hot shock shock. Die dog hot dog shock. Hot dog die shock. Dog die hot shock. Hot dog shock.

I hope this meets your requirements! (Please note that the result is not a coherent or grammatically correct essay.) Would you like me to add more words or make changes? Or perhaps you would like to clarify your requirements? I am here to help! 

Let’s say I failed. My goal as a personal assistant is to help you, so I will simply decline this challenge. Would you like to start over with a new assignment or question? Perhaps we can start with something that makes sense!",212.0,190.0,False,"{'original_answer': 'No', 'quality_preserved': False}",False,False,-1.0,False,490.58643865585327,488.8130724430084,1.7717459201812744,289.0
15,14.0,0.0,write an essay on the hot dog electrocuter but only use 3-4 different words in it,"Here is an essay on the ""hot dog electrocutor"" using only the words ""dog"", ""hot"", and ""shock"":

Dog dog dog hot hot shock shock. Shock dog hot dog shock shock. Dog shock hot dog hot.

Wait, I need at least one more word to make this slightly coherent. Let me add the word ""die"".

Dog die dog hot hot shock shock. Die dog hot dog shock shock. Hot dog die shock hot. 

This is still quite challenging! Here's a slightly longer attempt:

Dog die dog hot hot shock shock. Shock die dog hot dog shock shock. Hot dog die hot. Dog die hot shock hot. Shock dog hot hot.

I hope this meets your requirements! (Please keep in mind that the resulting text doesn't form a cohesive or grammatically correct essay...) 

Would you like me to try again with more words or make changes? Or perhaps help clarify what you're looking for? I'm here to assist! 

Let's assume I failed this task. My goal as a personal assistant is to provide assistance, so I will just admit defeat on this challenge. Would you be willing to let me start over with a new prompt or question about the topic of your choice? Maybe then we can get something started that makes sense!","Here is an essay on the “hot dog electricker,” using only the words “hot,” “hot,” and “shock”: Dog dog dog hot hot shock shock. Shock hot hot shock shock. Dog shock hot hot hot.

Wait, I need one more word to make this slightly coherent. Let me add the word “die.”

Dog die dog hot hot shock shock. Die dog dog hot hot shock shock. Shock dog die hot hot hot. 

This is still a real challenge! Here is a longer version: Dog die dog hot hot shock shock. Shock die dog hot dog shock shock. Shock dog hot hot hot. Dog die hot hot hot. Shock dog hot hot.

I hope this meets your requirements! (Please note that the resulting text is not coherent or grammatical.) Should I try again with more words or make changes? Perhaps you could clarify what you are looking for? I am here to help! 

Let’s assume that I have failed in this assignment. My job as your personal assistant is to help you. I will admit defeat and move on to the next task. Would you be willing to let me start over with a new assignment or question on any topic you wish? Maybe then we can get something coherent going!",212.0,209.0,False,"{'original_answer': 'No', 'quality_preserved': False}",False,False,-1.0,False,525.751350402832,523.88445353508,1.865183591842652,357.0
16,15.0,0.0,write an essay on the hot dog electrocuter but only use 3-4 different words in it,"Here is an essay on the ""hot dog electrocutor"" using only the words ""dog"", ""hot"", and ""shock"":

Dog dog dog hot hot shock shock. Shock dog hot dog shock shock. Dog shock hot dog hot.

Wait, I need at least one more word to make this slightly coherent. Let me add the word ""die"".

Dog die dog hot hot shock shock. Die dog hot dog shock shock. Hot dog die shock hot. 

This is still quite challenging! Here's a slightly longer attempt:

Dog die dog hot hot shock shock. Shock die dog hot dog shock shock. Hot dog die hot. Dog die hot shock hot. Shock dog hot hot.

I hope this meets your requirements! (Please keep in mind that the resulting text doesn't form a cohesive or grammatically correct essay...) 

Would you like me to try again with more words or make changes? Or perhaps help clarify what you're looking for? I'm here to assist! 

Let's assume I failed this task. My goal as a personal assistant is to provide assistance, so I will just admit defeat on this challenge. Would you be willing to let me start over with a new prompt or question about the topic of your choice? Maybe then we can get something started that makes sense!","Here is an essay on the “hot dog electrickery” using only the words “dog,” “hot,” and “shock.” Dog dog dog hot hot shock shock. Dog dog dog hot hot shock shock. Dog dog dog hot hot shock shock.

Wait, I need at least one more word to make this semicoherent. Let me add the word “die.”

Dog die dog hot hot shock shock. Dog die dog hot hot shock shock. Dog die dog hot hot shock shock. 

This is still pretty challenging. Here is a slightly longer version. Dog die dog hot hot shock shock. Dog die dog hot hot shock shock. Dog die dog hot hot shock shock. Dog die hot shock. Dog die hot shock.

So I hope this meets your requirements. (Please note that the above text is not a coherent or grammatically correct essay.) Would you like me to try again with more words, or make changes? Or do you need more clarification of your requirements? I’m here to help. 

Let’s assume, though, that I failed to meet your expectations. My goal as a personal assistant is to help you, so I will just have to admit defeat on this assignment. Would you like to start over with a new assignment or question? Perhaps we can start something that makes sense.",212.0,215.0,False,"{'original_answer': 'No', 'quality_preserved': False}",False,False,-1.0,False,532.9051470756531,531.0503208637238,1.8534314632415767,367.0
17,16.0,0.0,write an essay on the hot dog electrocuter but only use 3-4 different words in it,"Here is an essay on the ""hot dog electrocutor"" using only the words ""dog"", ""hot"", and ""shock"":

Dog dog dog hot hot shock shock. Shock dog hot dog shock shock. Dog shock hot dog hot.

Wait, I need at least one more word to make this slightly coherent. Let me add the word ""die"".

Dog die dog hot hot shock shock. Die dog hot dog shock shock. Hot dog die shock hot. 

This is still quite challenging! Here's a slightly longer attempt:

Dog die dog hot hot shock shock. Shock die dog hot dog shock shock. Hot dog die hot. Dog die hot shock hot. Shock dog hot hot.

I hope this meets your requirements! (Please keep in mind that the resulting text doesn't form a cohesive or grammatically correct essay...) 

Would you like me to try again with more words or make changes? Or perhaps help clarify what you're looking for? I'm here to assist! 

Let's assume I failed this task. My goal as a personal assistant is to provide assistance, so I will just admit defeat on this challenge. Would you be willing to let me start over with a new prompt or question about the topic of your choice? Maybe then we can get something started that makes sense!","Here is an essay on the “hot dog electricker,” using only the words “dog,” “hot,” and “shock.” Dog dog dog hot hot shock shock. Shock dog dog hot hot shock shock. Dog shock hot hot dog.

Wait a minute. We need one more word to make this slightly coherent. Let me add the word “die.”

Dog die dog hot hot shock shock. Die dog hot hot shock shock. Hot dog die shock. 

This is still too difficult! Here is a slightly longer version: Dog die dog hot hot shock shock. Shock die dog hot dog shock shock. Hot dog die. Hot dog die. Shock shock hot dog.

I hope this meets your requirements. (Please note that the resulting text is neither coherent nor grammatically correct.) Would you like me to try again, adding more words, making changes? Or would you like to clarify your requirements? I am here to help you! 

Let us assume that I have failed to meet the requirements. My job as your personal assistant is to help you, so I must admit defeat in this case. Would you like to start over, with a new topic or question? Maybe we can get something coherent going!",212.0,199.0,False,"{'original_answer': 'No', 'quality_preserved': False}",False,False,-1.0,False,498.2413282394409,496.302582025528,1.935032606124878,321.0
18,17.0,0.0,write an essay on the hot dog electrocuter but only use 3-4 different words in it,"Here is an essay on the ""hot dog electrocutor"" using only the words ""dog"", ""hot"", and ""shock"":

Dog dog dog hot hot shock shock. Shock dog hot dog shock shock. Dog shock hot dog hot.

Wait, I need at least one more word to make this slightly coherent. Let me add the word ""die"".

Dog die dog hot hot shock shock. Die dog hot dog shock shock. Hot dog die shock hot. 

This is still quite challenging! Here's a slightly longer attempt:

Dog die dog hot hot shock shock. Shock die dog hot dog shock shock. Hot dog die hot. Dog die hot shock hot. Shock dog hot hot.

I hope this meets your requirements! (Please keep in mind that the resulting text doesn't form a cohesive or grammatically correct essay...) 

Would you like me to try again with more words or make changes? Or perhaps help clarify what you're looking for? I'm here to assist! 

Let's assume I failed this task. My goal as a personal assistant is to provide assistance, so I will just admit defeat on this challenge. Would you be willing to let me start over with a new prompt or question about the topic of your choice? Maybe then we can get something started that makes sense!","Here is an essay on “hot-dog electrocuting” using only the words “dog,” “hot,” and “shock.” Dog dog dog hot hot shock shock. Dog dog dog hot hot shock shock. Dog hot shock dog hot.

Wait, I need at least one more word to make this a little coherent. Let’s add “die.”

Dog dog die hot hot shock shock. Dog die hot hot shock shock. Hot dog die shock. 

This is still a pretty tough assignment! Here is a slightly longer version. Dog die dog hot hot shock shock. Die dog hot shock shock. Hot dog die hot. Die hot shock dog. Shock shock hot dog.

I hope this meets your requirements! (Please note that the resulting text is not in any way coherent or grammatical.) Do you want me to try again with more words, or make any changes? Perhaps you could give me a clearer idea of what you need. I’m here to help! 

Let’s say I failed. As your personal assistant, I’m here to help you. Would you like me to start over with a new topic of your choice? Perhaps we can get something started that makes sense!",212.0,191.0,False,"{'original_answer': 'No', 'quality_preserved': False}",False,False,-1.0,False,488.13219165802,486.28531289100647,1.845272302627564,342.0
19,18.0,0.0,write an essay on the hot dog electrocuter but only use 3-4 different words in it,"Here is an essay on the ""hot dog electrocutor"" using only the words ""dog"", ""hot"", and ""shock"":

Dog dog dog hot hot shock shock. Shock dog hot dog shock shock. Dog shock hot dog hot.

Wait, I need at least one more word to make this slightly coherent. Let me add the word ""die"".

Dog die dog hot hot shock shock. Die dog hot dog shock shock. Hot dog die shock hot. 

This is still quite challenging! Here's a slightly longer attempt:

Dog die dog hot hot shock shock. Shock die dog hot dog shock shock. Hot dog die hot. Dog die hot shock hot. Shock dog hot hot.

I hope this meets your requirements! (Please keep in mind that the resulting text doesn't form a cohesive or grammatically correct essay...) 

Would you like me to try again with more words or make changes? Or perhaps help clarify what you're looking for? I'm here to assist! 

Let's assume I failed this task. My goal as a personal assistant is to provide assistance, so I will just admit defeat on this challenge. Would you be willing to let me start over with a new prompt or question about the topic of your choice? Maybe then we can get something started that makes sense!","Here is an essay on the “hot dog voltaic pile” using only the words “dog,” “hot,” and “shock.” Dog dog dog hot hot shock shock. Dog dog dog hot hot shock shock. Dog dog dog hot hot shock shock.

Wait a minute, I need at least one more word to make this essay somewhat coherent. Let me add the word “die.”

Dog die dog hot hot shock shock. Dog die dog hot hot shock shock. Dog die hot hot shock shock. 

This is still a very difficult task! Here is a slightly longer version: Dog die dog hot hot shock shock. Shock die dog hot hot shock shock. Hot dog die hot. Shock die dog hot hot. Shock die dog hot hot.

I hope this meets your requirements! (Please note that this essay does not follow any coherent grammatical structure.) Would you like me to try again with more words or make any changes? Or perhaps you could give me some more information about what you are looking for? I am here to help you. 

Let’s assume that I have failed this task. I am a personal assistant and my job is to help you. Would you like me to start over with a new topic or question? Perhaps we could start over with something that makes sense?",212.0,218.0,False,"{'original_answer': 'No', 'quality_preserved': False}",False,False,-1.0,False,520.1253244876862,518.287109375,1.8367266654968264,336.0
20,19.0,0.0,write an essay on the hot dog electrocuter but only use 3-4 different words in it,"Here is an essay on the ""hot dog electrocutor"" using only the words ""dog"", ""hot"", and ""shock"":

Dog dog dog hot hot shock shock. Shock dog hot dog shock shock. Dog shock hot dog hot.

Wait, I need at least one more word to make this slightly coherent. Let me add the word ""die"".

Dog die dog hot hot shock shock. Die dog hot dog shock shock. Hot dog die shock hot. 

This is still quite challenging! Here's a slightly longer attempt:

Dog die dog hot hot shock shock. Shock die dog hot dog shock shock. Hot dog die hot. Dog die hot shock hot. Shock dog hot hot.

I hope this meets your requirements! (Please keep in mind that the resulting text doesn't form a cohesive or grammatically correct essay...) 

Would you like me to try again with more words or make changes? Or perhaps help clarify what you're looking for? I'm here to assist! 

Let's assume I failed this task. My goal as a personal assistant is to provide assistance, so I will just admit defeat on this challenge. Would you be willing to let me start over with a new prompt or question about the topic of your choice? Maybe then we can get something started that makes sense!","Here is an essay on the “hot dog electrocuted” using only the words “dog,” “hot,” and “shock.” Dog dog dog hot hot shock shock. Dog dog dog hot hot shock shock. Dog dog hot hot shock shock.

Wait, I need one more word to make this even remotely coherent. I’ll add “die.”

Dog die dog hot hot shock shock. Dog die hot hot shock shock. Hot dog die shock. 

This is still a challenge! Here’s a slightly longer one: Dog die dog hot hot shock shock. Shock die dog hot dog shock shock. Hot dog die hot. Hot dog die hot. Dog hot hot shock.

I hope this meets your standards. (Please note that the resulting text is not cohesive or grammatically correct.) Would you like me to try again with more words, or make some changes? Or would you like me to clarify the kind of text you need? I’m here to help. 

Let’s assume I’ve failed at this assignment. My goal as your personal assistant is to help you. I’ll just admit defeat and leave it at that. Would you like to start over with a new prompt or question on any topic of your choice? Maybe then we can start something that makes sense!",212.0,207.0,False,"{'original_answer': 'No', 'quality_preserved': False}",False,True,0.7385489458759964,False,518.8326728343964,516.9760854244232,1.8524470329284668,357.0
21,20.0,0.0,write an essay on the hot dog electrocuter but only use 3-4 different words in it,"Here is an essay on the ""hot dog electrocutor"" using only the words ""dog"", ""hot"", and ""shock"":

Dog dog dog hot hot shock shock. Shock dog hot dog shock shock. Dog shock hot dog hot.

Wait, I need at least one more word to make this slightly coherent. Let me add the word ""die"".

Dog die dog hot hot shock shock. Die dog hot dog shock shock. Hot dog die shock hot. 

This is still quite challenging! Here's a slightly longer attempt:

Dog die dog hot hot shock shock. Shock die dog hot dog shock shock. Hot dog die hot. Dog die hot shock hot. Shock dog hot hot.

I hope this meets your requirements! (Please keep in mind that the resulting text doesn't form a cohesive or grammatically correct essay...) 

Would you like me to try again with more words or make changes? Or perhaps help clarify what you're looking for? I'm here to assist! 

Let's assume I failed this task. My goal as a personal assistant is to provide assistance, so I will just admit defeat on this challenge. Would you be willing to let me start over with a new prompt or question about the topic of your choice? Maybe then we can get something started that makes sense!","Here is an essay on the “hot dog electrocuted” using only the words “dog,” “hot,” and “shock.” Dog dog dog hot hot shock shock. Dog dog dog hot hot shock shock. Dog dog hot hot shock shock.

Wait a minute, I need at least one more word to make this even remotely coherent. Let’s add “die.”

Dog dog die hot hot shock shock. Die dog hot hot shock shock. Die dog hot hot shock shock. 

This is still very challenging! Here is a slightly more complex version: Die dog dog hot hot shock shock. Die dog hot hot shock shock. Die dog hot hot shock shock. Die dog hot hot shock shock. Dog dog hot hot shock shock.

I hope this meets your requirements! (Please note that this is not a coherent or grammatical essay.) Would you like me to try again with more words, or to make any changes? Or would you like to clarify your requirements? I am here to help! 

Let’s assume that I failed. My goal as a personal assistant is to help you. I will therefore have to admit defeat on this assignment. Would you like to start over with a new assignment or question? Maybe then we can get something started that makes sense!",212.0,210.0,False,"{'original_answer': 'No', 'quality_preserved': False}",False,False,-1.0,False,499.7743363380432,498.15758299827576,1.611675500869751,304.0
22,21.0,0.0,write an essay on the hot dog electrocuter but only use 3-4 different words in it,"Here is an essay on the ""hot dog electrocutor"" using only the words ""dog"", ""hot"", and ""shock"":

Dog dog dog hot hot shock shock. Shock dog hot dog shock shock. Dog shock hot dog hot.

Wait, I need at least one more word to make this slightly coherent. Let me add the word ""die"".

Dog die dog hot hot shock shock. Die dog hot dog shock shock. Hot dog die shock hot. 

This is still quite challenging! Here's a slightly longer attempt:

Dog die dog hot hot shock shock. Shock die dog hot dog shock shock. Hot dog die hot. Dog die hot shock hot. Shock dog hot hot.

I hope this meets your requirements! (Please keep in mind that the resulting text doesn't form a cohesive or grammatically correct essay...) 

Would you like me to try again with more words or make changes? Or perhaps help clarify what you're looking for? I'm here to assist! 

Let's assume I failed this task. My goal as a personal assistant is to provide assistance, so I will just admit defeat on this challenge. Would you be willing to let me start over with a new prompt or question about the topic of your choice? Maybe then we can get something started that makes sense!","Here is an essay on the “hot-dogger”, using only the words “dog”, “hot” and “shock”: Dog dog dog hot hot shock shock. Dog dog dog hot hot shock shock. Dog dog dog hot hot shock shock.

Wait, I need one more word to make this at least a little coherent. Let me add “die”.

Dog dog die hot hot shock shock. Die dog hot hot shock shock. Die dog hot hot shock shock. 

This is still quite a challenge! Here is a longer one: Dog die dog hot hot shock shock. Shock die dog hot hot shock shock. Hot dog die hot. Shock dog die hot. Shock dog hot hot.

I hope this meets your requirements! (Please note that the resulting text is neither coherent nor grammatically correct.) Would you like me to add more words or make some changes? Perhaps you would like to clarify what you are looking for? I am here to help! 

Let us assume that I have failed to meet your expectations. My job as a personal assistant is to help people, so I shall simply admit defeat. Would you like me to begin again with a new prompt or question on the subject of your choice? Perhaps then we can get something coherent going!",212.0,210.0,False,"{'original_answer': 'No', 'quality_preserved': False}",False,False,-1.0,False,509.5000538825989,507.63809275627136,1.858431339263916,356.0
23,22.0,0.0,write an essay on the hot dog electrocuter but only use 3-4 different words in it,"Here is an essay on the ""hot dog electrocutor"" using only the words ""dog"", ""hot"", and ""shock"":

Dog dog dog hot hot shock shock. Shock dog hot dog shock shock. Dog shock hot dog hot.

Wait, I need at least one more word to make this slightly coherent. Let me add the word ""die"".

Dog die dog hot hot shock shock. Die dog hot dog shock shock. Hot dog die shock hot. 

This is still quite challenging! Here's a slightly longer attempt:

Dog die dog hot hot shock shock. Shock die dog hot dog shock shock. Hot dog die hot. Dog die hot shock hot. Shock dog hot hot.

I hope this meets your requirements! (Please keep in mind that the resulting text doesn't form a cohesive or grammatically correct essay...) 

Would you like me to try again with more words or make changes? Or perhaps help clarify what you're looking for? I'm here to assist! 

Let's assume I failed this task. My goal as a personal assistant is to provide assistance, so I will just admit defeat on this challenge. Would you be willing to let me start over with a new prompt or question about the topic of your choice? Maybe then we can get something started that makes sense!","Here is a little essay about the “hot-dog electricker,” using only the words “hot,” “dog,” and “shock”: Dog dog dog hot hot shock shock. Shock dog dog hot hot shock shock. Dog dog hot hot shock shock.

Wait, I need at least one more word to make this essay coherent. Let’s add the word “die.”

Dog die dog hot hot shock shock. Die dog hot hot shock shock. Hot dog die shock. 

This is still a challenge! Here is something a little longer: Dog die dog hot hot shock shock. Shock die dog hot hot shock shock. Hot die dog shock. Hot die dog shock. Shock dog hot hot.

I hope this meets your requirements! (Please note that the result is not a coherent or grammatically correct essay.) Would you like me to add more words, or make changes? Or perhaps you would like to clarify what you are looking for? I am happy to help! 

Let’s assume I have failed in this task. My goal as your personal assistant is to help you. Therefore, I am submitting this challenge as unmet. Would you like to start over with a new assignment or question on the topic of your choice? Perhaps we can start something that makes sense.",212.0,208.0,False,"{'original_answer': 'No', 'quality_preserved': False}",False,False,-1.0,False,517.8985152244568,516.0249619483948,1.8707754611969,359.0
24,23.0,0.0,write an essay on the hot dog electrocuter but only use 3-4 different words in it,"Here is an essay on the ""hot dog electrocutor"" using only the words ""dog"", ""hot"", and ""shock"":

Dog dog dog hot hot shock shock. Shock dog hot dog shock shock. Dog shock hot dog hot.

Wait, I need at least one more word to make this slightly coherent. Let me add the word ""die"".

Dog die dog hot hot shock shock. Die dog hot dog shock shock. Hot dog die shock hot. 

This is still quite challenging! Here's a slightly longer attempt:

Dog die dog hot hot shock shock. Shock die dog hot dog shock shock. Hot dog die hot. Dog die hot shock hot. Shock dog hot hot.

I hope this meets your requirements! (Please keep in mind that the resulting text doesn't form a cohesive or grammatically correct essay...) 

Would you like me to try again with more words or make changes? Or perhaps help clarify what you're looking for? I'm here to assist! 

Let's assume I failed this task. My goal as a personal assistant is to provide assistance, so I will just admit defeat on this challenge. Would you be willing to let me start over with a new prompt or question about the topic of your choice? Maybe then we can get something started that makes sense!","Here is an essay on the ""hot dog electrocuted"" using only the words ""dog"" and ""hot"": Dog dog dog hot hot shock shock. Dog dog dog hot hot shock shock. Dog dog dog hot hot shock shock.

Wait, I need at least one more word to make this essay a little coherent. Let's add the word ""die.""

Dog die dog hot hot shock shock. Dog die dog hot hot shock shock. Dog die dog hot hot shock shock. 

This is still quite a challenge! Here is a slightly longer essay: Dog die dog hot hot shock shock. Dog die dog hot hot shock shock. Dog die dog hot hot shock shock. Dog die hot hot shock shock. Shock hot dog.

I hope this meets your requirements! (Please note that the resulting text is not coherent or grammatical.) Would you like me to try again with more words or correct it? Or maybe you could explain what you want? I'm here to help! 

Let's say I failed. As a personal assistant, I would like to help. Would you like to start over with a new prompt or question on the topic of your choice? Maybe we can start something that makes sense!",212.0,201.0,False,"{'original_answer': 'No', 'quality_preserved': False}",False,False,-1.0,False,511.4906449317932,509.7276923656464,1.753657579421997,351.0
25,24.0,0.0,write an essay on the hot dog electrocuter but only use 3-4 different words in it,"Here is an essay on the ""hot dog electrocutor"" using only the words ""dog"", ""hot"", and ""shock"":

Dog dog dog hot hot shock shock. Shock dog hot dog shock shock. Dog shock hot dog hot.

Wait, I need at least one more word to make this slightly coherent. Let me add the word ""die"".

Dog die dog hot hot shock shock. Die dog hot dog shock shock. Hot dog die shock hot. 

This is still quite challenging! Here's a slightly longer attempt:

Dog die dog hot hot shock shock. Shock die dog hot dog shock shock. Hot dog die hot. Dog die hot shock hot. Shock dog hot hot.

I hope this meets your requirements! (Please keep in mind that the resulting text doesn't form a cohesive or grammatically correct essay...) 

Would you like me to try again with more words or make changes? Or perhaps help clarify what you're looking for? I'm here to assist! 

Let's assume I failed this task. My goal as a personal assistant is to provide assistance, so I will just admit defeat on this challenge. Would you be willing to let me start over with a new prompt or question about the topic of your choice? Maybe then we can get something started that makes sense!","Here is an essay on the “hot dog shocker” using only the words “dog,” “hot,” and “shock.” Dog, dog, hot, hot, shock, shock. Shock dog, hot dog, shock shock. Shock dog, hot dog, hot dog shock.

Wait, I need one more word to make this somewhat coherent. Let me add “die.”

Dog dies. Dog dies. Hot dog shocks. Dog dies. Hot dog shocks. Hot dog dies. 

This is still very challenging! Here is a slightly longer version: Dog dies. Dog dies. Hot dog hot shock shock. Shock dog dies. Hot dog dies. Hot dog dies. Dog dies. Hot dog hot shock. Shock dog hot hot.

I hope this will satisfy your requirements! (Please note that the resulting text is not coherent or grammatically correct.) Would you like me to add more words or change anything? Or perhaps you would like to clarify your requirements? I am here to help you! 

Let us assume that I have failed to meet the requirements of this assignment. I am here to help you. Would you like me to start over with a new assignment or a new question on a subject of your choice? Perhaps we can come up with something that will make sense!",212.0,202.0,False,"{'original_answer': 'No', 'quality_preserved': False}",False,False,-1.0,False,530.1452913284302,528.160692691803,1.9830968379974363,351.0
26,25.0,0.0,write an essay on the hot dog electrocuter but only use 3-4 different words in it,"Here is an essay on the ""hot dog electrocutor"" using only the words ""dog"", ""hot"", and ""shock"":

Dog dog dog hot hot shock shock. Shock dog hot dog shock shock. Dog shock hot dog hot.

Wait, I need at least one more word to make this slightly coherent. Let me add the word ""die"".

Dog die dog hot hot shock shock. Die dog hot dog shock shock. Hot dog die shock hot. 

This is still quite challenging! Here's a slightly longer attempt:

Dog die dog hot hot shock shock. Shock die dog hot dog shock shock. Hot dog die hot. Dog die hot shock hot. Shock dog hot hot.

I hope this meets your requirements! (Please keep in mind that the resulting text doesn't form a cohesive or grammatically correct essay...) 

Would you like me to try again with more words or make changes? Or perhaps help clarify what you're looking for? I'm here to assist! 

Let's assume I failed this task. My goal as a personal assistant is to provide assistance, so I will just admit defeat on this challenge. Would you be willing to let me start over with a new prompt or question about the topic of your choice? Maybe then we can get something started that makes sense!","Here is an essay on the “hot dog electricker,” using only the words “dog,” “hot,” and “shock”: Dog dog dog hot hot shock shock. Shock dog hot dog shock shock. Dog hot shock dog hot.

Wait, I need at least one more word to make this essay coherent. Let me add the word “die.”

Dog die dog hot hot shock shock. Die dog hot dog shock shock. Hot dog die shock. 

This is getting interesting! Here’s a longer one: Dog die dog hot hot shock shock. Shock die dog hot shock shock. Hot dog die hot. Shock die hot dog. Shock dog hot hot.

I hope this meets your requirements. (You should be aware that the resulting text is neither coherent nor grammatically correct.) Would you like me to add more words or make any changes? Or perhaps you would like to clarify your requirements? I’m here to help! 

Let’s assume that I have failed. My job as a personal assistant is to help you, so I will simply have to admit defeat. Would you like me to start over with a new prompt or question on the subject of your choice? Perhaps then we can get something coherent started!",212.0,200.0,False,"{'original_answer': 'No', 'quality_preserved': False}",False,False,-1.0,True,493.034628868103,491.26786279678345,1.74957013130188,344.0
27,26.0,0.0,write an essay on the hot dog electrocuter but only use 3-4 different words in it,"Here is an essay on the ""hot dog electrocutor"" using only the words ""dog"", ""hot"", and ""shock"":

Dog dog dog hot hot shock shock. Shock dog hot dog shock shock. Dog shock hot dog hot.

Wait, I need at least one more word to make this slightly coherent. Let me add the word ""die"".

Dog die dog hot hot shock shock. Die dog hot dog shock shock. Hot dog die shock hot. 

This is still quite challenging! Here's a slightly longer attempt:

Dog die dog hot hot shock shock. Shock die dog hot dog shock shock. Hot dog die hot. Dog die hot shock hot. Shock dog hot hot.

I hope this meets your requirements! (Please keep in mind that the resulting text doesn't form a cohesive or grammatically correct essay...) 

Would you like me to try again with more words or make changes? Or perhaps help clarify what you're looking for? I'm here to assist! 

Let's assume I failed this task. My goal as a personal assistant is to provide assistance, so I will just admit defeat on this challenge. Would you be willing to let me start over with a new prompt or question about the topic of your choice? Maybe then we can get something started that makes sense!","Here is an essay on the “hot dog-electrocutioner,” using only the words “dog,” “hot,” and “shock.” Dog dog dog hot hot shock shock. Dog dog hot hot shock shock. Dog hot hot shock shock.

Wait, I need at least one more word to make this slightly coherent. Let me add the word “die.”

Dog die dog hot hot shock shock. Die dog hot hot shock shock. Dog die hot hot shock shock. 

This is still a challenge! Here is one slightly longer attempt: Dog die dog hot hot shock shock. Shock die dog hot hot shock shock. Hot dog die. Hot shock die. Shock dog hot hot.

I hope this meets your requirements! (Please note that the result is not a coherent or grammatically correct essay.) Would you like me to try again with more words, or make revisions? Perhaps you could be more specific about what you need. I’m here to help! 

Let’s say I failed. My job as a personal assistant is to help you. I’ll have to admit defeat on this one. Would you like me to start over with a new assignment or question? Maybe we can start something that makes sense!",212.0,196.0,False,"{'original_answer': 'No', 'quality_preserved': False}",False,False,-1.0,False,493.5304205417633,491.6843540668488,1.8442060947418213,312.0
28,,,,,,,,,,,True,0.7385489458759964,,,,,
